unique_id	snoDB_id	c_seq	c_start	d_seq	d_start	c_prime_seq	c_prime_start	d_prime_seq	d_prime_start	guide1_seq	guide1_start	guide2_seq	guide2_start
ens_ENSG00000238316	snoDB0007	ATGATGA	21	CTGA	98	ATGATGT	76	GTGA	48		-1		-1
ens_ENSG00000252190	snoDB0009	GTGTTTT	19	CAGG	120	GTGGGGT	104	CAGA	37		-1		-1
ens_ENSG00000199666	snoDB0011	GGGATCA	15	CTGA	206	TTGATGA	155	CTGA	103		-1		-1
ens_ENSG00000238761	snoDB0017	GTGATGA	21	CTGA	98	GTTACAA	73	CTGA	63		-1		-1
ens_ENSG00000212538	snoDB0022	GGGATCA	15	CTGA	195	ATGAGGA	65	CTGA	39		-1		-1
ens_ENSG00000252682	snoDB0023	CTGATGA	5	CTGG	59	TTGCTGA	37	CTGA	31		-1		-1
ens_ENSG00000202498	snoDB0028	TTGATGA	6	GGGA	83	GTGAAAA	52	CTGA	39		-1		-1
ens_ENSG00000212144	snoDB0030	GGGATAA	9	CTGA	123	ATGATTA	71	ATGA	52		-1		-1
ens_ENSG00000221673	snoDB0032	GCAAAGA	21	CTGA	205	TTGATGA	149	CTGA	97		-1		-1
ens_ENSG00000212610	snoDB0035	GGGATTA	15	CTGA	201	ATGATCA	152	CTGA	47		-1		-1
ens_ENSG00000212161	snoDB0043	ATAATGA	6	CTGA	58	ATTATGA	29	CTGA	23		-1		-1
ens_ENSG00000221040	snoDB0044	GGGATCA	15	CTGA	207	ATGAGGA	75	CAGA	41		-1		-1
ens_ENSG00000199934	snoDB0053	ATGATGA	8	CTGA	66	TTGATAA	48	CTGA	40	GAACTCTCTCA	29		-1
ens_ENSG00000252692	snoDB0075	GTCAAAA	1	CTGG	77	ATTATTA	60	CTGA	25		-1		-1
ens_ENSG00000238371	snoDB0079	ATGATGA	21	CTGA	98	GTTCAGA	73	GTGA	48		-1		-1
ens_ENSG00000238503	snoDB0081	ATGATGA	5	CTGA	62	ATGATGT	45	CTGA	36	TGGTCTGTGTTT	24		-1
ens_ENSG00000221300	snoDB0086	GAGGTGA	14	CTGA	52		-1	CTGA	39		-1		-1
ens_ENSG00000212168	snoDB0088	GTAATGA	2	CTGA	57	ATGATTA	33	CTGA	23		-1		-1
ens_ENSG00000221638	snoDB0094	GGGATCA	18	CTGC	210	AGGATAA	184	CTGA	55		-1		-1
ens_ENSG00000212182	snoDB0099	GGGATTG	15	CTGA	207	ATGATTG	157	CTGA	52		-1		-1
ens_ENSG00000200377	snoDB0102	AGGATGA	5	CTGA	63	GTGTTGA	46	CTTA	34		-1		-1
ens_ENSG00000238570	snoDB0103	ATGATGA	21	CTGA	97	ATTATGA	72	GTGA	48		-1		-1
ens_ENSG00000239041	snoDB0105	ATGATGA	21	CTGA	98	GTTAGGA	73	GTGC	40		-1		-1
ens_ENSG00000252517	snoDB0106	TTGATTA	5	CAGA	59	TTGCTGA	37	CTGA	31		-1		-1
ens_ENSG00000212581	snoDB0112	GGGATAA	9	CTGA	128	ATCAGGA	96	CTGA	89		-1		-1
ens_ENSG00000202537	snoDB0117	GGGATAA	9	CTGA	129	ATCAGGA	97	CTGA	56		-1		-1
ens_ENSG00000238295	snoDB0129	GTGATGA	21	CTGA	98	ATGATGT	76	GTGA	48		-1		-1
ens_ENSG00000276366	snoDB0130	GGGATCA	15	CTGA	219	CTGATGA	167	CTGA	52		-1		-1
ens_ENSG00000263723	snoDB0137	GTGAGGC	5	CCGA	69	GTGGGGA	46	CTGC	25		-1	ACCTTGGAGAG	58
ens_ENSG00000202479	snoDB0139	GTGATGA	5	ATGA	84	GTGTTCG	56	CAGA	39		-1		-1
ens_ENSG00000202268	snoDB0145	GGGATCA	15	TTGA	203	TTGATGA	154	CTGG	67		-1		-1
ens_ENSG00000212145	snoDB0148	AGGATAA	9	CTGA	138	ATTATGG	110	TTGA	76		-1		-1
ens_ENSG00000200222	snoDB0152	AAGATTA	0	CTGA	204	TTGATAA	152	CTGA	52		-1		-1
ens_ENSG00000212211	snoDB0153	AAGATTA	0	CTGA	208	AAGAGGA	189	CTGT	25		-1		-1
ens_ENSG00000212598	snoDB0155	GGGATCA	15	CTGA	203	ATGATCA	155	CTGA	49		-1		-1
ens_ENSG00000221633	snoDB0157	GGGATCA	15	AGGA	204	GTGATCA	153	CTGA	52		-1		-1
ens_ENSG00000271922	snoDB0161	ATGATGA	21	CTAA	98	GTTATGA	73	GTGA	48		-1		-1
ens_ENSG00000201398	snoDB0162	GTCAGGT	2	CTGA	131	ATGATGA	54	CAGA	43		-1		-1
ens_ENSG00000239093	snoDB0164	ATGATGA	21	CTGA	99	GTTATGA	74	CTGA	65		-1		-1
ens_ENSG00000201810	snoDB0170	GTCAGGT	2	CTGA	117	ATCATGA	99	CTGT	23		-1		-1
ens_ENSG00000272166	snoDB0174	TTGCTGA	16	CTGA	55	ATGACTA	38	CACA	33		-1		-1
ens_ENSG00000251967	snoDB0176		-1	CTGA	70	ATGAAGA	49	CAGA	27		-1		-1
ens_ENSG00000239096	snoDB0177	AGGATGA	21	CTGA	98	GTTATGA	73	CTCA	41		-1		-1
ens_ENSG00000201410	snoDB0187	GTTATGA	4	CTGA	62	GGGCTGA	40	ATGT	21		-1		-1
ens_ENSG00000238902	snoDB0190	ATGATGA	21	CTGA	98	GTCAAGA	73	GTGA	48		-1		-1
ens_ENSG00000251987	snoDB0193	GGGATGT	4	ATGA	69	GTGTAGA	41	CTGA	29		-1		-1
ens_ENSG00000200999	snoDB0198	CTGATGA	11	CTGA	67	TTGATGA	48	CTGA	39	GGTGGGGACAT	28		-1
ens_ENSG00000238694	snoDB0199	ATGATGA	21	CTGA	98	ACGATGT	76	GTGA	48		-1		-1
ens_ENSG00000202440	snoDB0204	ATGATGG	6	ATGC	63	GTGATGT	37	CTGA	28		-1		-1
ens_ENSG00000221711	snoDB0205	GTGATGG	5	TTGA	50	TTTCTGA	34	CAGA	27		-1		-1
ens_ENSG00000274535	snoDB0211	GGCATGA	9	CTGA	67	GGGAAGC	47	CCGA	33		-1	CCTTGGAGAG	57
ens_ENSG00000251878	snoDB0212	GTGATGG	8	CGGA	73	GCGAAGA	55	CTGA	45		-1		-1
ens_ENSG00000212191	snoDB0215	ATAATTA	2	CTGA	65	GTGGCAA	48	CTGG	24		-1		-1
ens_ENSG00000199894	snoDB0222	AGGATGA	5	AAGA	76	TTGATGC	52	TTGA	24		-1		-1
ens_ENSG00000271817	snoDB0224	GGGATCA	15	GTGG	214	TTGATGA	158	CTGA	52		-1		-1
ens_ENSG00000199857	snoDB0225	GTGATTA	5	CTGA	64	TATATGA	48	CTGA	25		-1		-1
ens_ENSG00000202269	snoDB0227	GGGATCA	9	CTGA	130	ATGATGA	54	CAGA	43		-1		-1
ens_ENSG00000212278	snoDB0228	ACGATAA	8	CAGA	63	CTGATTA	40	CTTA	26		-1		-1
ens_ENSG00000223004	snoDB0231	ATGATGA	5	CTGA	59	GTGAAAA	41	CTGA	33		-1		-1
ens_ENSG00000201368	snoDB0232	GGGATCA	15	CTGA	205	CTGATGA	155	CTGA	52		-1		-1
ens_ENSG00000238326	snoDB0236	CTGATGA	21	CTGA	98	GTTACGA	73	GTGA	48		-1		-1
ens_ENSG00000212249	snoDB0237	GTGCTGG	6	CTTA	116	GTGATTA	78	CTGT	25		-1		-1
ens_ENSG00000221043	snoDB0249	GGGCTCA	15	CTTA	203	TTGATGA	154	CTGA	52		-1		-1
ens_ENSG00000200051	snoDB0258	ATGATGA	5	CTGA	67	ATTATTA	40	CTGA	25		-1		-1
ens_ENSG00000238745	snoDB0263	ATGATGA	21	CTGA	98	ATGATGG	76	GTGA	48		-1		-1
ens_ENSG00000253067	snoDB0264		-1	TTGA	61	GGGGTGA	42	CAGA	22		-1		-1
ens_ENSG00000251830	snoDB0266	GTGATGA	7	GTGA	93	AGGATTT	74	CTGC	63		-1	GTCATAGTTATA	81
ens_ENSG00000200706	snoDB0268	ATGATGT	5	CTGA	62	GATATGA	41	CTGA	27		-1		-1
ens_ENSG00000212532	snoDB0269	CTGATGA	5	CTGA	68	ATGATGG	51	CTGT	29		-1		-1
ens_ENSG00000212229	snoDB0270	ACGATGA	2	CTGA	67	GTAATGG	45	CTGT	24		-1		-1
ens_ENSG00000221345	snoDB0271	AAGACTA	0	GTGA	208	AGAATGA	180	CTGA	50		-1		-1
ens_ENSG00000200492	snoDB0276	TTCAGGA	11	CAGT	204	TTAATGA	156	CTGA	52		-1		-1
ens_ENSG00000221455	snoDB0277	TTCAGGA	9	CTAA	204	ATGATGA	152	CTTA	49		-1		-1
ens_ENSG00000238594	snoDB0281	ATGATGA	20	CTGA	97	GTTACAA	72	GTGA	47		-1		-1
ens_ENSG00000199851	snoDB0284	GGGATCA	15	CTGA	201	ATGATCA	152	TTGA	46		-1		-1
ens_ENSG00000238963	snoDB0289	ATAACGA	18	CTCC	126	GTGATTA	77	CAGA	46		-1		-1
ens_ENSG00000276643	snoDB0290	ATGATGT	5	CTGA	62	TTGATGT	39	CTGA	27		-1		-1
ens_ENSG00000238628	snoDB0299	AAGATGA	21	CTGA	98	GTTACAA	73	GTGA	48		-1		-1
ens_ENSG00000221332	snoDB0302	TTGAGGA	11	CTGA	199	ATGAGGA	77	CTGA	52		-1		-1
ens_ENSG00000212422	snoDB0306	AAGATGA	0	ATGG	210	ATGATCA	157	CTGA	51		-1		-1
ens_ENSG00000200753	snoDB0309	ACAAAGA	2	CTGA	63	GAGTCGA	46	TTCA	20		-1		-1
ens_ENSG00000202233	snoDB0311	GAGATTA	0	GTGG	222	TTGATGA	166	CTGA	52		-1		-1
ens_ENSG00000199231	snoDB0324	ATGATGA	5	AAGA	76	TTGATGC	52	TTGA	24		-1		-1
ens_ENSG00000199370	snoDB0338		-1	CTGA	206	ATGATCA	157	CTGA	51		-1		-1
ens_ENSG00000238297	snoDB0339	GTGATGA	15	CTTA	183	AGGAAGA	167	CTGA	105		-1		-1
ens_ENSG00000238906	snoDB0340	GTGATGA	21	CTGA	99	GTTACAA	74	CTGA	65		-1		-1
ens_ENSG00000201009	snoDB0341	GTGATGA	7	CTGA	94	GCAAGGA	72	CTGT	34		-1	GTCATAGTTACA	82
ens_ENSG00000202023	snoDB0343	ATGATGA	7	CTGA	65	TTGATGA	47	CTGA	39	TTTGAACTCTCTCA	25		-1
ens_ENSG00000201666	snoDB0350	CTGATGA	6	CTAA	62	TTGATGA	43	CTGA	34		-1		-1
ens_ENSG00000212347	snoDB0353	ACTATGA	2	CTGA	57	ATCAAGA	36	CAGA	25	GCATAGTTCAG	14		-1
ens_ENSG00000212434	snoDB0356	GGGATCA	15	CTGG	191	ATGATTG	142	CTGG	38		-1		-1
ens_ENSG00000273788	snoDB0357	GGGGTAA	15	CTGA	207	ATCAGGA	177	CTGA	52		-1		-1
ens_ENSG00000200422	snoDB0359	ATGATGT	5	AAGA	64	AAGTTGA	36	CTGA	27		-1		-1
ens_ENSG00000212321	snoDB0367	GGGATCA	15	CTGG	215	ATGATGA	163	CTGA	103		-1		-1
ens_ENSG00000252170	snoDB0369	ATGATGA	7	CTGA	60	ATGATTA	37	CAAA	24		-1		-1
ens_ENSG00000201674	snoDB0373	AAGACTA	0	CTGT	205	ATGATTA	156	CTGA	50		-1		-1
ens_ENSG00000212611	snoDB0374	ATGATGA	4	CTGA	61	CTGCTGA	43	CTCA	23		-1		-1
ens_ENSG00000238764	snoDB0375	ATGATGA	21	CTGA	98	GTTACGA	73	CTTA	41		-1		-1
ens_ENSG00000239080	snoDB0376	ATGAAGA	21	CTGG	98	GTTATGA	73	GTGA	48		-1		-1
ens_ENSG00000238485	snoDB0385	ATGATGA	21	CTGA	98	GTTACAA	73	GTGA	48		-1		-1
ens_ENSG00000200191	snoDB0400	GAGATCA	9	CTGA	127	GTGATTA	76	CAGA	43		-1		-1
ens_ENSG00000207215	snoDB0402	AAGACTA	0	CTGA	205	TTGATGA	152	CTGA	52		-1		-1
ens_ENSG00000221461	snoDB0406	GTGACCA	15	CTGA	207	AGGAAGA	191	CTGA	52		-1		-1
ens_ENSG00000238372	snoDB0411	GTGATAA	21	CTGA	99	GTTACGA	74	CTGA	65		-1		-1
ens_ENSG00000238901	snoDB0413	ATGATGA	21	CTGA	98	GTGACGT	76	CCGA	42		-1		-1
ens_ENSG00000238854	snoDB0415	ATGCTGA	6	CTGA	66	GACATGA	45	CTGA	30		-1		-1
ens_ENSG00000201329	snoDB0418	ATGCTAT	2	CAGA	205	GTGTTGA	59	CTGA	53		-1		-1
ens_ENSG00000238966	snoDB0421	GTGATAA	7	CTGA	60	ATTAGGA	34	AGGA	23		-1		-1
ens_ENSG00000264379	snoDB0423	AAGATGC	14	CTGA	65	GTGGGGA	42	CTCG	30		-1		-1
ens_ENSG00000200969	snoDB0427	GTGATGA	6	CTGA	60	GTGCTGA	37	CTGA	27		-1	CCAGAGGCTGTTT	47
ens_ENSG00000252985	snoDB0429	GCGCTGA	1	ATGA	69	ATGAGCA	43	CTGA	34		-1		-1
ens_ENSG00000199411	snoDB0435	TTAGTGA	2	ATGA	82	ATGAAGA	62	CCGA	29		-1		-1
ens_ENSG00000200026	snoDB0438	GGGATAA	9	CTGA	129	ATGATGA	53	CAGA	43		-1		-1
ens_ENSG00000253072	snoDB0451	ATGACAC	2	ATAA	80	CTGATGG	61	CTGA	45		-1		-1
ens_ENSG00000212551	snoDB0455	GGGATCA	15	TTGT	206	CTGATGA	155	CTGA	52		-1		-1
ens_ENSG00000252427	snoDB0457	GTGATGA	7	CTCA	96	GGGATGC	43	CAGA	26		-1		-1
ens_ENSG00000207299	snoDB0459	ATGATGG	5	CTGA	63	GTGTTGA	46	TTGA	42		-1		-1
ens_ENSG00000264997	snoDB0468	ATAATGA	5	CTGA	60	GGGAAGC	36	CTGC	25		-1	ACCTTGGAGAT	49
ens_ENSG00000239153	snoDB0469	GAGATGA	21	CTGA	98	GTCAGCA	81	GTGA	48	TCAGGCACATGT	36		-1
ens_ENSG00000212397	snoDB0470	ATGATGA	12	CTGA	85	AAGAAGC	58	CAGA	47		-1		-1
ens_ENSG00000200496	snoDB0471	GGGATAA	9	CTGA	129	ATGATGA	53	CAGA	43		-1		-1
ens_ENSG00000239079	snoDB0472	GTAATGA	21	CTGA	98	ACGATGT	76	TTGA	48		-1		-1
ens_ENSG00000238724	snoDB0482	ATGATGA	21	ATGA	98	GTTATGA	73	CTCA	41		-1		-1
ens_ENSG00000278527	snoDB0486	ATGAGGA	5	CTGA	116	ATGAAGA	78	CTGC	21		-1		-1
ens_ENSG00000238387	snoDB0494	GTGATGA	21	CTGA	98	GTTACGA	73	CTCA	41		-1		-1
ens_ENSG00000239142	snoDB0503	CTCATGT	2	CTGA	117	ATGATGA	54	CAGA	43		-1		-1
ens_ENSG00000239148	snoDB0504	GGGATAA	9	CTGA	114	ATGATTC	76	ATGA	69		-1		-1
ens_ENSG00000238840	snoDB0505	GGGATAA	9	CTGA	114	ATGATTC	76	ATGA	54		-1		-1
ens_ENSG00000200545	snoDB0508	GGGATCA	15	CTGA	208	ATTATGT	160	CTGA	105		-1		-1
ens_ENSG00000252438	snoDB0509	GTTCTGA	16	CTGA	63		-1	ATTA	34		-1		-1
ens_ENSG00000212411	snoDB0511	ATGCTGA	6	CTGA	67	ATGATGA	32	TTGA	22		-1	AGTAGGATTACA	55
ens_ENSG00000221400	snoDB0513	GGGATCA	13	CTGA	181	GGAATGA	157	CTGA	96		-1		-1
ens_ENSG00000238707	snoDB0514	TTGATGA	7	CTGA	59	ATGAAAA	40	TTGA	24		-1		-1
ens_ENSG00000199321	snoDB0523	GTGATGA	5	CAGG	66	AAGCTGC	41	CTGA	25		-1	GTCTTGCAAGA	55
ens_ENSG00000200891	snoDB0529	CTGATGA	11	CTGA	65	GTAATGA	46	CTGA	39		-1		-1
ens_ENSG00000222666	snoDB0530	GTGCTTT	6	GTGG	208	ATGATGT	156	CTGA	52		-1		-1
ens_ENSG00000201809	snoDB0545	GGGATAA	9	CTGA	116	ATGATCA	78	CAGA	43		-1		-1
ens_ENSG00000201502	snoDB0546	GTGATGC	2	CTCA	67	TAGATGA	48	CTGA	39		-1		-1
ens_ENSG00000200897	snoDB0548	TTGAGGA	14	CTGA	70	TTGATGA	51	CTGA	42	GTAGGGACAT	32		-1
ens_ENSG00000200112	snoDB0552	ATGATGA	5	GTGA	67	GTTTCGA	46	CAGA	28		-1		-1
ens_ENSG00000251844	snoDB0553	CTGATTC	12	ATGA	78	ATCATTA	54	CTCA	35		-1		-1
ens_ENSG00000212594	snoDB0560	GGGATAA	9	CTGA	127	GTGATTA	79	CTAA	49		-1		-1
ens_ENSG00000238440	snoDB0565	ATGGTGA	21	CTGA	98	ATGATGT	76	CTCA	41		-1		-1
ens_ENSG00000223294	snoDB0566	ATGATGC	5	TTGA	68	AGGATGA	40	CTGG	22		-1		-1
ens_ENSG00000202335	snoDB0568	ATGATGA	5	CTGA	63	CTGAAGA	34	CTGA	26		-1		-1
ens_ENSG00000221611	snoDB0569	ATGATGT	8	CTGA	80	ATGGCTA	64	CTGA	28	AGCACTGGGCT	17		-1
ens_ENSG00000252128	snoDB0572	ATGATGA	5	CTGA	63	GTGATAC	46	CTGA	34	CAAGTATATGA	23		-1
ens_ENSG00000212553	snoDB0574	TTGATGA	3	CTGG	85	GTGAAAA	55	CTGA	42		-1		-1
ens_ENSG00000212377	snoDB0575	GTGACGA	4	CTGA	60	TTGAAGA	43	TTGA	28		-1		-1
ens_ENSG00000200733	snoDB0578	GTGCTGA	5	CTGA	59	GTAATGA	42	CTGA	32		-1		-1
ens_ENSG00000200072	snoDB0582	GTGATGA	5	CTGA	55	GTGAAGG	32	CTGA	26		-1		-1
ens_ENSG00000253094	snoDB0583	ACAATGA	13	CTGA	71	TCCATGA	53	TTGA	41		-1	ATGAGCTTTTTAACC	56
ens_ENSG00000212270	snoDB0587	ATGATAA	4	CTGA	59	TTGAAGA	42	CTGA	32		-1		-1
ens_ENSG00000212615	snoDB0591	GTGATGA	2	CTGA	57	ATTATGA	37	AGGA	20		-1		-1
ens_ENSG00000207444	snoDB0595	ATCATGG	5	GTGA	67	ATGTTGA	46	GTGA	42		-1		-1
ens_ENSG00000212302	snoDB0599	GTGATGA	6	CTGA	60	CTGATTT	35	CTGT	22		-1	TATTTGTACTGG	48
ens_ENSG00000252945	snoDB0600	GGGATGA	8	CTTA	84	TTAATGT	65	CTGA	44		-1		-1
ens_ENSG00000202275	snoDB0604	TTGATAA	9	CTGA	65	GTGCTGG	45	CTAA	37	TCACCATCTTTTAG	23		-1
ens_ENSG00000200693	snoDB0606	GGGATCA	15	CTGA	195	ATGATCA	153	CTGA	56		-1		-1
ens_ENSG00000200150	snoDB0622	ATGGTGA	7	CTAG	63	ATGATGA	38	CATA	24		-1		-1
ens_ENSG00000201500	snoDB0636	ATGATGA	7	CAGA	74	GTGATGA	38	ATGA	27		-1		-1
ens_ENSG00000201036	snoDB0637	TTGATGA	7	CTGA	70	ATGAAGA	52	CTTA	24		-1		-1
ens_ENSG00000201710	snoDB0638	ACGATAA	7	CTGA	64	ATGAGTA	41	GTGC	23		-1		-1
ens_ENSG00000222095	snoDB0651	ATGATGA	10	CCGA	70	ATGATGA	37	ATGA	26		-1		-1
ens_ENSG00000222185	snoDB0652	ATGATGT	7	CTGA	64	ATGATCA	40	CTGA	27		-1		-1
ens_ENSG00000277754	snoDB0653	GGGATCA	15	CTGA	207	ATGAGGA	77	CTGA	52		-1		-1
ens_ENSG00000275154	snoDB0657	AAAATTA	0	TTGA	207	ATGATCA	158	CTGT	50		-1		-1
ens_ENSG00000207432	snoDB0662	GGGATAA	9	CTGA	114	ATGATGG	96	CAGA	46		-1		-1
ens_ENSG00000238519	snoDB0667	GGGATAA	9	CTGA	114	ATGATGG	96	CAGA	46		-1		-1
ens_ENSG00000212415	snoDB0696	ATGATGT	5	CTGG	57	ATGAAGA	36	CAGA	25	GCATAGTTCAG	14		-1
ens_ENSG00000238819	snoDB0697	ACTATGA	8	CTGA	76	ATAATGA	45	CTGA	30		-1		-1
ens_ENSG00000200318	snoDB0698	GGGATCA	15	CTGA	207	TTGATGA	155	CTGA	52		-1		-1
ens_ENSG00000212279	snoDB0705	ATACTGT	0	CTGA	59	GAGATGT	41	CAGA	25		-1		-1
ens_ENSG00000252277	snoDB0709	ACGATGA	6	CTGA	76	GTGACCA	54	CTGA	41		-1		-1
ens_ENSG00000212428	snoDB0710	GTCATGA	2	CTGA	50	ATGCTCA	32	CATA	22		-1		-1
ens_ENSG00000200398	snoDB0734	GTGTCGA	6	CTGA	73	GTGGTGA	38	CTGA	28		-1	TAGGATTACG	63
ens_ENSG00000200801	snoDB0738	GTGATGA	5	CTTA	72	GTGATGA	37	CTGA	27		-1	TAGGATTACA	62
ens_ENSG00000212380	snoDB0755	ATGGAGA	8	GAGA	74	ATGTTCA	54	ATGA	40		-1		-1
ens_ENSG00000276844	snoDB0756	ATAATGA	3	CTGA	65	ATAATGC	31	GTGA	24		-1	TAGGATTATG	55
ens_ENSG00000212528	snoDB0757	ATAAAGA	20	CTGA	77	ATGCTCA	59	GAGA	37		-1	TAGAATTAAG	67
ens_ENSG00000206987	snoDB0761	GGGATAA	9	CTGA	114	ATGATGG	96	ATGA	69		-1		-1
ens_ENSG00000207430	snoDB0767	GGGATAA	9	CTGA	114	ATGATGG	96	CAGA	46		-1		-1
ens_ENSG00000207119	snoDB0769	AAGAGTA	0	CTGA	200	ATGATGG	161	CTGA	106		-1		-1
ens_ENSG00000200677	snoDB0770	ATGATGA	5	CTCA	62	AGGATTT	45	CTGA	36	TGGTCCGTGTTT	24		-1
ens_ENSG00000200206	snoDB0772	CTGATGA	4	CTTA	58	TTGATGA	41	CTGA	32		-1		-1
ens_ENSG00000252868	snoDB0773	GAGCTGA	12	TTGA	105	CTGTTCA	49	CTGA	40		-1		-1
ens_ENSG00000212511	snoDB0774	ATCATGA	18	CTGA	211	ATGATGG	162	CTGA	110		-1		-1
ens_ENSG00000252798	snoDB0781		-1	CTGA	230	ATGATCT	211	CTGA	122		-1		-1
ens_ENSG00000252022	snoDB0782	AGGACGA	6	CAGA	78	ATAATCA	56	CTGA	51		-1		-1
ens_ENSG00000283584	snoDB0785	ATTATTA	3	TAGA	76	GTGTTGG	42	TTGA	24		-1		-1
ens_ENSG00000238645	snoDB0804	GTGATGA	21	CTGA	97	GTGGGCA	80	GTGA	48		-1		-1
ens_ENSG00000265185	snoDB0807	GGGATCA	15	CTCC	754	TTGATGA	156	CTGA	52		-1		-1
ens_ENSG00000262074	snoDB0808	GGGATCA	15	CTGC	776	TTGATGA	156	CTGA	52		-1		-1
ens_ENSG00000212618	snoDB0814	GTGCTTT	17	CTGA	60		-1	TTGA	37		-1		-1
ens_ENSG00000239129	snoDB0816	ATGGTGA	21	CTGA	98	ATCAGCA	81	GTGA	48		-1		-1
ens_ENSG00000252112	snoDB0817	GTGTTTA	0	CCGA	55	GTGTGGA	39	CTGA	25		-1		-1
ens_ENSG00000200538	snoDB0823	GGGATCA	15	CTGA	207	AGGAGGA	189	CTGG	52		-1		-1
ens_ENSG00000238804	snoDB0824	GTGATGA	21	CTGA	98	ATGTTGG	79	GTGA	48		-1		-1
ens_ENSG00000212195	snoDB0827	ATTTTGA	8	CTGA	187	TTGGTGA	156	CTGA	52		-1		-1
ens_ENSG00000263934	snoDB0846	GGGATCA	15	CAGC	692	TTGATGA	156	CTGA	52		-1		-1
ens_ENSG00000264940	snoDB0847	GGGATCA	15	CTGC	568	TTGATGA	156	CTGA	52		-1		-1
ens_ENSG00000283675	snoDB0848	ATCATTA	0	CTGG	54		-1	TTGA	24		-1		-1
ens_ENSG00000221044	snoDB0856	GTGATCA	15	CTGA	195	TTGATGA	145	CTGA	48		-1		-1
ens_ENSG00000221496	snoDB0857	GAGATGG	14	CTGG	230	ATGAGGA	104	CTCA	42		-1		-1
ens_ENSG00000199856	snoDB0859	GGGATCA	15	CTGA	207	CTGATGA	155	CTGA	52		-1		-1
ens_ENSG00000212539	snoDB0863	AGGATCA	15	CTGA	191	CTGATGG	142	CTGA	52		-1		-1
ens_ENSG00000275900	snoDB0871	AAGATTG	15	GTGC	209	CTGATGA	156	CTGA	52		-1		-1
ens_ENSG00000199713	snoDB0873	GGGATAA	9	CTGA	129	ATGATTA	78	CAGA	43		-1		-1
ens_ENSG00000221139	snoDB0874	TTAATGA	3	CTGA	95	GTGAGCA	41	CTGT	23		-1		-1
ens_ENSG00000212165	snoDB0884	AAGATTA	0	CTGA	194	ATGAGGA	76	CTGA	52		-1		-1
ens_ENSG00000201151	snoDB0887	ACAATGT	5	CTGA	64	GTGTCGA	47	TTGA	34		-1		-1
ens_ENSG00000201346	snoDB0895	GGGATCA	15	CTGA	203	CTGATGA	154	CTGA	52		-1		-1
ens_ENSG00000252230	snoDB0906	AGAATTA	5	CTGA	74	ATTATTT	35	CAAA	21		-1		-1
ens_ENSG00000252200	snoDB0908	GTCAGGC	2	CTGA	68	CTGGGGA	48	CTGG	39		-1		-1
ens_ENSG00000239137	snoDB0909	GGGATGA	21	CTGA	98	GTTACGA	73	GTGA	48		-1		-1
ens_ENSG00000221125	snoDB0912	AAGATGA	0	GTGG	207	TTGATGA	154	CAGA	41		-1		-1
ens_ENSG00000252408	snoDB0924	GTGATGA	5	GAGA	69	GTGATGA	43	CTGC	27		-1		-1
ens_ENSG00000274625	snoDB0929	GTGCAGC	14	CAGC	138	ATTATGA	99	CTGA	91		-1		-1
ens_ENSG00000199783	snoDB0930	GCAGTGA	2	CTGA	60	ATGTTGT	43	CTCA	36		-1		-1
ens_ENSG00000201209	snoDB0931	AAAATGG	7	CTAA	60	GTGATGT	40	CTTA	30		-1		-1
ens_ENSG00000252020	snoDB0932	GTGCAGC	14	CAGC	138	ATTATGA	99	CTGA	91		-1		-1
ens_ENSG00000252143	snoDB0936	GTGCAGC	14	CAGC	138	ATTATGA	99	CTGA	91		-1		-1
ens_ENSG00000238498	snoDB0938	GTGATGA	21	CTGA	98	ATGTAGG	79	GTGA	48		-1		-1
ens_ENSG00000212479	snoDB0943	AAGACGA	0	CTGA	206	GTGCTGC	124	CTGA	108		-1		-1
ens_ENSG00000266692	snoDB0952	GTGGTGA	5	CTGG	42		-1	CCGA	24		-1		-1
ens_ENSG00000264452	snoDB0953		-1	CTGA	68	GAGATGC	50	CTGT	20		-1		-1
ens_ENSG00000277947	snoDB0963	GGGATCA	15	CTGA	208	TTGATGA	156	CTGA	103		-1		-1
ens_ENSG00000280704	snoDB0965	GGGATCA	15	CTGA	207	TTGATGA	155	CTGA	52		-1		-1
ens_ENSG00000281710	snoDB0969	GGGATCA	15	CTGA	207	ATGATCA	158	CTGA	52		-1		-1
ref_SNORD3K	snoDB1000	GGGATCA	15	CCAA	94	ATCATGA	72	CCGA	52		-1		-1
ref_SNORD3P4	snoDB1008	GGGATCA	15	CTGA	52	GAGAAGT	41	GTCA	34		-1		-1
ref_SNORD13P2	snoDB1026		-1	CTCA	195	ATAATTA	161	CTGA	149		-1		-1
ref_SNORD3I	snoDB1030	AAGACGA	0	AGGA	81	GTGTAGA	58	CTGT	25		-1		-1
ref_SNORD3F	snoDB1032	GGGATCA	15	CAGA	90	ATGTAGA	57	CTGA	51		-1		-1
ref_SNORD13F	snoDB1051	ATGATGA	21	CTGA	79	GAGATGT	50	GTGC	40		-1		-1
ref_SNORD13I	snoDB1052	ATGATGT	21	CTAA	99	GTTACAA	74	CTGA	65		-1		-1
ref_SNORD13G	snoDB1061	ATGATAA	21	CTGA	99	ATGATGT	76	GTGA	48		-1		-1
ref_SNORD3P3	snoDB1065	GGGATCA	15	CAGC	126	GAGATGC	104	CTGA	52		-1		-1
ref_SNORD13H	snoDB1068	GTGTTGA	21	CTGA	98	GTTATGA	73	GTGA	48		-1		-1
snoDB_252	snoDB1622	ATGATGA	21	CTGA	89	GTTATGA	64	CTGT	46		-1		-1
snoDB_253	snoDB1623	ATAATGA	21	CTGA	98	ATGATGT	76	CTCA	41		-1		-1
snoDB_255	snoDB1624	ATGATGA	21	CTGA	98	GTTACGA	73	CGGA	43	TGTTCACACA	33		-1
snoDB_256	snoDB1625	GTGGTTC	8	TTGA	95	ATGTTGG	76	CTCA	41		-1		-1
snoDB_257	snoDB1626	ATAATGA	21	CTGA	97	GTTATGA	72	GTGA	47		-1		-1
snoDB_259	snoDB1627	CTGATGA	21	CTGT	93	GTTATGA	72	CTCA	40		-1		-1
snoDB_263	snoDB1628	AGGATGA	21	CTGA	97	ATGTTGA	78	GTGA	47		-1		-1
snoDB_265	snoDB1629	GTGACGA	21	CTGA	99	ATCAGCA	82	CTGA	65		-1		-1
snoDB_271	snoDB1630	ATAAGGA	21	CTGA	98	ATGTCGG	79	CTGA	63		-1		-1
snoDB_272	snoDB1631	AGCATGA	18	CTGA	93	GAGGTGC	50	CTCA	41		-1		-1
snoDB_275	snoDB1632	ATGATGA	21	CTCA	98	ATTACGA	73	CTTA	41		-1		-1
snoDB_276	snoDB1633	GTGATGA	21	CTGA	104	GTTACGA	79	GTGA	48		-1		-1
snoDB_282	snoDB1634	ATGATGA	21	CTGA	97	ATGGTGT	76	GTGA	48		-1		-1
snoDB_285	snoDB1635	GTGATGA	21	CTAA	98	ATGATGT	76	ATGA	44		-1		-1
snoDB_286	snoDB1636	GTGATGA	21	CTGT	101	GTTACAA	80	CTGG	41		-1		-1
snoDB_292	snoDB1637	GTGATGA	21	CTGC	91	GAGATGT	50	ATGA	40		-1		-1
snoDB_293	snoDB1638	ATGGTGA	21	GTGA	101	AAGTTGG	79	GTGA	48		-1		-1
snoDB_294	snoDB1639	ATGATGA	20	CTGA	97	ATGATGC	75	GTGA	47		-1		-1
snoDB_295	snoDB1640	GTGATGA	21	CCAA	101	ATCAACA	81	GTGA	48		-1		-1
snoDB_300	snoDB1641	GTGAAGA	21	CTGA	93	AAGATGT	50	CAGA	41		-1		-1
snoDB_301	snoDB1642	ATGATGA	21	CTGA	87	GTGAGGT	47	CTCA	41		-1		-1
snoDB_302	snoDB1643	ATGATGA	21	CTGA	91	ATGTTGG	72	CTCA	40		-1		-1
snoDB_303	snoDB1644	ATAATGA	21	CTGA	98	ATGATGT	76	GTGA	50		-1		-1
snoDB_304	snoDB1645	GTCATGA	21	CTCA	98	ATGGGCA	81	TTGA	64		-1		-1
snoDB_306	snoDB1646	AGTATGA	17	CTAA	94	ATGATGT	74	GTGA	46		-1		-1
snoDB_312	snoDB1647	ATGATGA	21	CTGA	98	GTTATGA	73	CTTA	43		-1		-1
snoDB_318	snoDB1648	ACAATGA	21	CTGA	98	GTTAGCA	81	CTCA	41		-1		-1
snoDB_319	snoDB1649	GTGATGA	21	GTGA	82	GAGATGT	48	CTCA	41		-1		-1
snopy_Homo_sapiens300740	snoDB1650	ATGATGA	4	CTGA	55	GTGCTGA	38	CAGA	20		-1		-1
snoDB_326	snoDB1651	GTGATGA	21	CTGA	98	ATTAGCA	81	TTGA	64		-1		-1
snoDB_336	snoDB1654	GTGGCGA	21	CTGA	96	ATGGTGT	74	CTGA	46		-1		-1
snoDB_337	snoDB1655	GTGGTAA	21	CTAA	98	ATCAGCA	81	GTGA	48		-1		-1
snoDB_338	snoDB1656	GTGATGG	21	CTGA	95	ATGTTGG	76	GTGA	48		-1		-1
snoDB_344	snoDB1657	GTGATTG	21	CTGA	95	ATGTTGG	76	GTGA	45		-1		-1
snoDB_364	snoDB1658	GGGATCA	15	CCGA	68	GAGAAGT	41	TTGT	32		-1		-1
snoDB_367	snoDB1659	GTGATAA	21	TTTA	100	GTTACAA	75	CTGA	57		-1		-1
snoDB_368	snoDB1660	ATGATAA	13	CTGA	90	ATGATGT	68	GTGA	40		-1		-1
snoDB_370	snoDB1661	ATGATGA	21	CTGA	98	ATGATGT	76	CTCA	63		-1		-1
snoDB_371	snoDB1662	AGCATGA	18	CTGT	93	ACAATGG	76	CTGT	46		-1		-1
snoDB_372	snoDB1663	GTGATGA	21	CTGA	96	ATGTTGG	77	GTGA	47		-1		-1
snoDB_378	snoDB1664	ATGACAA	21	CTGG	98	GTCAGCA	81	ATGA	48		-1		-1
snoDB_379	snoDB1665	GTGATGA	21	CTGA	98	ATCATTA	78	CTCA	41		-1		-1
snoDB_386	snoDB1666	ATGATGA	21	CTGA	96	ATGATGT	74	ATGA	46		-1		-1
snoDB_387	snoDB1667	ATTTTCA	8	CAAA	76	ATATAGA	58	CTGT	25		-1		-1
snoDB_391	snoDB1668	GTGATGA	21	CTCA	98	GTAATGA	73	GTGA	48		-1		-1
snoDB_392	snoDB1669	GTGATGA	19	CTGA	96	GTGATGA	71	GTGA	46		-1		-1
snoDB_396	snoDB1670	GTGATGA	21	ATGA	92	GTTATGA	69	GTGA	44		-1		-1
snoDB_399	snoDB1671	ATGATGA	21	CTGA	89	GTCATCG	69	CTCA	50		-1		-1
snoDB_400	snoDB1672	GCGATGA	21	CAGA	98	GTTGTGC	52	CACA	37		-1		-1
snoDB_401	snoDB1673		-1	CTGT	71	GTTACAA	50	GTGA	25		-1		-1
snoDB_407	snoDB1674	ATGATGA	21	CTGA	97	TTTATGA	72	GTGA	48		-1		-1
snoDB_408	snoDB1675	TTCATGA	12	CTGA	86	GAGATGT	51	CGGG	30		-1		-1
snoDB_409	snoDB1676	ATGATGC	21	CTCA	96	AAGATGT	74	GTGA	46		-1		-1
snoDB_410	snoDB1677	GCGAGGA	0	CTGA	130	TTGAGGA	78	CTGA	26		-1		-1
snoDB_413	snoDB1678	ATGATGA	21	CTGA	98	AGGATGC	76	CAGG	37		-1		-1
snoDB_414	snoDB1679	ATGATGA	21	CTGA	97	GTGATGT	50	CTTA	41		-1		-1
snoDB_424	snoDB1680	GTGATGA	21	CTGA	98	ATAACGT	78	ATGA	48		-1		-1
snoDB_426	snoDB1681	GTGAAGC	3	CTGG	72	TTGATGA	49	CTGA	30		-1		-1
snoDB_431	snoDB1682	ACCATGA	1	CTGA	95	GTTATGC	70	ATGA	21		-1		-1
snoDB_432	snoDB1683	ATGATGA	21	CTGA	98	GTTATGA	73	CTCA	63		-1		-1
snoDB_435	snoDB1684	ATGATGA	21	CTGA	92	ATGAAGT	70	GTGA	42		-1		-1
snoDB_438	snoDB1685	GTGATGA	21	CTGA	98	ATTAGGA	73	CTCA	41		-1		-1
snoDB_439	snoDB1686	ATCATGC	21	CTGA	98	GTTATGG	73	GTGA	48		-1		-1
snoDB_442	snoDB1687	AAGCTGG	17	TTGA	98	GTGGGCA	81	GTGA	48		-1		-1
snoDB_443	snoDB1688	TTCATGA	12	GTGA	95	ACGTTGG	76	GTGA	45		-1		-1
snopy_Homo_sapiens300353	snoDB1689	GTGTTGA	9	TTGG	79	ATAATAA	45	CTGA	26		-1		-1
snoDB_450	snoDB1690	ATGATGA	23	CTGA	122	ACAATGC	94	GTGA	66		-1		-1
snoDB_460	snoDB1691	ATGATGA	21	CTGA	98	AAGATGT	50	CATA	37		-1		-1
snoDB_461	snoDB1692	ATGAGGA	15	CTGA	98	GTTATGA	73	GTGA	48		-1		-1
snoDB_470	snoDB1693	ATGATGA	21	TTGA	94	ATGATGT	74	GTGA	46		-1		-1
snoDB_471	snoDB1694	ATGATGA	21	CTAA	96	ATAAGCA	79	ATGA	46		-1		-1
snoDB_472	snoDB1695	ATGACGA	21	CTTA	95	GTCAGCA	78	CTCA	48		-1		-1
snoDB_473	snoDB1696	ATGATAA	21	CTGA	98	ATGTAGG	79	GTGA	48		-1		-1
snoDB_478	snoDB1697	TTGATCA	19	ATGA	96	GTTATGA	71	CTCA	39		-1		-1
snoDB_479	snoDB1698	ATGATGA	21	CTGA	95	GTTATGA	70	CTGT	41		-1		-1
snoDB_480	snoDB1699	GTAATGA	21	TTGA	98	GTTGTCA	81	GTGA	48		-1		-1
snoDB_486	snoDB1700	AGCATGA	18	CCAA	96	GCGCTGG	77	CTGA	62		-1		-1
snoDB_489	snoDB1701	AGCATGA	18	TTGA	93	ATGATGT	71	CTCA	39		-1		-1
snoDB_491	snoDB1702	GGGATCA	15	TTAA	69	CTGCTAA	49	TTGT	32		-1		-1
snoDB_495	snoDB1703	AGCATGA	18	CAGA	65	TTAATGA	45	TTCA	35		-1		-1
snoDB_509	snoDB1704	AGCATGA	18	CTGA	94	ATGTTGG	75	CACA	34		-1		-1
snoDB_512	snoDB1705	GGGGTCA	15	CAAA	62		-1	CTGA	48		-1		-1
snoDB_515	snoDB1706	TTCATAA	12	CTGG	63	ATGCATA	38	CTGG	28		-1		-1
snoDB_516	snoDB1707	GTGATGA	21	CAGA	94	GAGATGT	50	CTCA	41		-1		-1
snoDB_517	snoDB1708	ATGATGA	20	CTGA	96	GTGAAAA	72	CTCA	40		-1		-1
snoDB_518	snoDB1709	ATGGTGC	17	ATGA	107	ATTACGA	82	ATGA	33		-1		-1
snoDB_519	snoDB1710	GGGATCA	15	CCGA	68	GTGTAGA	58	CTGA	52		-1		-1
snoDB_522	snoDB1711	GGGATAA	15	TTTA	81	GTGTAGA	58	CTGA	52		-1		-1
snoDB_528	snoDB1713	GTGGTTC	8	CTGA	98	ACTATGA	73	CTGA	48		-1		-1
snoDB_529	snoDB1714	TTGATGA	21	CTGA	93	GTCATTG	73	GTGA	48		-1		-1
snoDB_530	snoDB1715	ATGATGA	21	TTGA	98	GAGATGT	50	CTGT	44		-1		-1
snoDB_532	snoDB1716	CTGATGA	21	CTGA	95	GTGCACA	78	CTGT	41		-1		-1
snoDB_533	snoDB1717	GCGATGA	21	CTGA	104	GTTAGGA	73	GTGA	48		-1		-1
snoDB_534	snoDB1718	GTGATGA	21	CTGA	98	ATGACAT	76	TTGA	65		-1		-1
snoDB_538	snoDB1719	GTGATGA	21	CTGA	75	GCGATGT	50	GTGC	38		-1		-1
snoDB_539	snoDB1720	AAGATTA	0	GTGT	68	GTTACTA	34	CTAT	25		-1		-1
snoDB_541	snoDB1721	GTGATGA	21	CTGA	97	GTTACGA	73	CTCG	41		-1		-1
snoDB_543	snoDB1722	GGGATCA	15	AAGA	81	ATGTAGA	58	CTGA	52		-1		-1
snoDB_553	snoDB1723	ACGATGA	21	CTGA	102	ATGTTGG	80	CTGA	65		-1		-1
snoDB_554	snoDB1724	AACATGA	21	TTGA	98	ATGTTGG	79	CTGA	41		-1		-1
snoDB_555	snoDB1725	ATGATAA	17	CTGA	93	ATCAGGA	76	GTGA	44		-1		-1
snoDB_556	snoDB1726	ATGATGA	21	CTGA	98	ACGATGT	76	GTGA	48		-1		-1
snoDB_566	snoDB1727	AAGATGA	21	GTGA	92	GTTAAGG	73	GTGA	48		-1		-1
snoDB_572	snoDB1728	AGTGTGA	18	GTGA	95	GAGATGA	47	CTCA	38		-1		-1
snoDB_579	snoDB1729	GTAATGA	21	CTGA	98	ATCAGCA	81	GTGA	48		-1		-1
snoDB_580	snoDB1730	ATGATGA	21	CTGA	100	GAGATGT	50	CTCA	41		-1		-1
snoDB_581	snoDB1731	ATTTTTA	0	CTGA	85	GTGATGA	60	CTGA	35	TTATCCTTTG	25		-1
snoDB_582	snoDB1732	TTCATGA	12	TTGA	98	ACGTTGG	79	GTGA	48		-1		-1
snoDB_585	snoDB1733	GGGATCA	15	CACA	84	ATGTGGA	67	CTGA	52		-1		-1
snoDB_591	snoDB1734	GTGATGA	19	CTGA	96	ATGGGCA	79	GTGA	46		-1		-1
snoDB_597	snoDB1735	ATGATGG	21	CTGA	119	TTGATGA	46	CTCA	39		-1		-1
snoDB_598	snoDB1736	GTAATGA	21	CTGA	101	GTTACTA	73	ATGA	48		-1		-1
snoDB_599	snoDB1737	TTCATGA	12	CTGA	93	GTTATGA	73	CTGG	28		-1		-1
snoDB_602	snoDB1738	GTGATGA	20	CTGA	94	GAGATGT	46	CTCA	39		-1		-1
snoDB_603	snoDB1739	GTGATGA	21	CTGA	98	GTCAGTA	81	CTCA	41		-1		-1
snoDB_604	snoDB1740	GTGCTTC	8	TTGA	83	ACGATGC	65	ATGA	38		-1		-1
snoDB_612	snoDB1741	CTAAGGA	6	CTGA	105	ATGATGA	28	CTGA	22		-1		-1
snoDB_613	snoDB1742	GTGATGA	21	TTGA	101	GTTATGA	73	GTGA	48		-1		-1
snoDB_616	snoDB1743	AGGATCA	15	CTGA	139	ATGCTGT	99	CTGA	52		-1		-1
snoDB_619	snoDB1744	GTGATGA	21	CTGT	96	GTTCTGA	75	CTTA	41		-1		-1
snoDB_620	snoDB1745	GTGATGA	21	TTGA	98	GAGATGT	50	CTCA	41		-1		-1
snoDB_621	snoDB1746	GTGATGA	21	CTGA	97	GTTACAA	73	GTGA	48		-1		-1
snoDB_626	snoDB1747	GTGATAA	21	CTGA	95	GAGATGT	50	CTGT	44		-1		-1
snoDB_627	snoDB1748	GTGATGA	21	CTGA	92	ATGATGA	67	CTCA	40		-1		-1
snoDB_628	snoDB1749	GTGATGC	21	CCAA	100	GTGGGCA	83	GTGA	50		-1		-1
snoDB_629	snoDB1750	ATGATGA	21	CTGA	96	GTTATGA	71	CTCA	61		-1		-1
snoDB_630	snoDB1751	GTGATGA	23	CTGA	99	AAGATGT	51	CTCA	42		-1		-1
snoDB_631	snoDB1752	GGGATCA	15	CCGA	68	GGGAAGT	41	GTTA	34		-1		-1
snoDB_636	snoDB1753		-1	CTGG	69	GTAAAGA	46	CTGA	39		-1		-1
snoDB_646	snoDB1754	GTGATGA	21	TTGA	98	ATTATGA	73	CTCA	41		-1		-1
snoDB_647	snoDB1755	GTGATGA	21	AGGA	98	GTTACCA	73	GTGA	48		-1		-1
snoDB_648	snoDB1756	GGGATCA	15	ATGT	90	GTGTAGA	58	CTGA	52		-1		-1
snoDB_650	snoDB1757	ATGGTGG	21	CTGA	98	GACATGC	52	CTTA	41		-1		-1
snoDB_651	snoDB1758	ATGATGA	21	CTGA	98	ATCAGCA	81	ATGA	48		-1		-1
snoDB_652	snoDB1759	ATGAGGA	15	CTGA	99	GTCAGCA	82	GTGA	49		-1		-1
snoDB_653	snoDB1760	ATGATGA	21	CTGA	98	ATGATGT	76	GTGA	48		-1		-1
snoDB_654	snoDB1761	GTGTTAA	19	CAGA	98	ATGATGT	70	GTGA	42		-1		-1
snoDB_658	snoDB1762	ATGATGA	21	CTGA	95	GAGATGT	50	CTCA	41		-1		-1
snoDB_659	snoDB1763	ATGATGA	21	CTGA	98	GAGATGT	50	CTGC	41		-1		-1
snoDB_667	snoDB1765	GTGATGA	21	CTGA	95	GTTATGT	73	CTTA	41		-1		-1
snoDB_668	snoDB1766	GTGATGA	21	CTGA	98	GTCAGCA	81	ATGA	48		-1		-1
snoDB_669	snoDB1767	ATGATGA	21	CTGA	99	GTGAGCA	81	ATGA	48		-1		-1
snoDB_670	snoDB1768	ATGATGA	21	CTGA	90	GAGATGT	50	CGCA	39		-1		-1
snoDB_671	snoDB1769	GTGACGA	20	CTGA	80	ACGATGG	61	ATGT	37		-1		-1
snoDB_672	snoDB1770	GTGATAA	21	CTGA	98	ATTACAA	73	GTGA	48		-1		-1
snoDB_673	snoDB1771	ATGATGA	21	CTAA	98	GCAATGT	76	GTGA	48		-1		-1
snoDB_675	snoDB1772	GTGATGA	21	CTGA	101	GTTATGA	76	CTAA	41		-1		-1
snoDB_677	snoDB1773	ATAATGA	21	CTGA	98	ATGATGT	76	TTGA	50		-1		-1
snoDB_678	snoDB1774	GTGATGA	21	CTGA	98	ATGTTGG	79	GTGA	48		-1		-1
snoDB_679	snoDB1775	GTGATGA	21	CTGA	94	GTTAACA	71	GTGA	46		-1		-1
snoDB_686	snoDB1776	ATTATTT	0	CCGA	104	ATGTTGG	85	GTGA	21		-1		-1
snoDB_687	snoDB1777	ATGATGA	21	CTGA	99	ACCATGT	77	GTGA	49		-1		-1
snoDB_690	snoDB1778	ATGATGA	21	CTGA	97	GTTACAA	73	GTGA	48		-1		-1
snoDB_691	snoDB1779	GTGATGA	19	CTGA	96	ATGCTGC	53	CTCA	39		-1		-1
snoDB_701	snoDB1780	GTGATGG	20	CGGT	93	ATGTCGG	72	GTGA	41		-1		-1
snoDB_702	snoDB1781	ATGATGA	21	CTGA	84	ATGGCAA	55	GTGA	48		-1		-1
snoDB_705	snoDB1782	GGGATCA	15	CTGA	68	AGCATGT	55	TTGT	32		-1		-1
snoDB_714	snoDB1784	ATGGTGA	21	TTGA	97	ATCATCA	80	CTCA	40		-1		-1
snoDB_718	snoDB1785	GTGCTGA	21	CTGA	97	ATGAGCA	81	CTGG	43		-1		-1
snoDB_719	snoDB1786	GTGATGA	22	CTGG	99	GTTACGA	74	ATGA	49		-1		-1
snoDB_723	snoDB1787	CTGATGA	21	CTGA	105	GTTACAA	73	CAGA	41		-1		-1
snoDB_725	snoDB1788	GGGATGA	20	CTGA	98	ATCATCT	78	GTGA	45		-1		-1
snoDB_726	snoDB1789	AGGATGA	21	CTGA	107	GTGAGTC	91	GTGA	48		-1		-1
snoDB_727	snoDB1790	ATGATGA	21	CTGA	99	GAGATGT	49	CTTA	40		-1		-1
snoDB_728	snoDB1791	TTCATGG	5	CTGA	96	GTTATGA	76	GTGA	27		-1		-1
snoDB_732	snoDB1792	GTGACGT	21	CTGA	97	GTCACAA	73	ATGA	48		-1		-1
snoDB_737	snoDB1793	TTGAAGA	14	CTGA	101	ATGAAGT	69	CTCA	34		-1		-1
snoDB_746	snoDB1794	GTGATGA	21	CGGA	96	GTTACAA	71	GTGA	46		-1		-1
snoDB_751	snoDB1795	GGGATCA	15	CTGG	68	CTGAATA	52	TTGT	32		-1		-1
snoDB_758	snoDB1796	ATGATGA	21	CTGG	95	ACGTTGG	76	GTGA	46		-1		-1
snoDB_763	snoDB1797	ATAATGA	21	CTGA	99	GTGGGGA	82	CTGA	65		-1		-1
snoDB_764	snoDB1798	TTCATAA	12	TTGT	71	GAGATGT	50	CTGG	28		-1		-1
snoDB_765	snoDB1799	GTGATGA	21	GTGA	98	GTTATGA	73	CTTA	41		-1		-1
snoDB_770	snoDB1800	ATAATGG	21	CTGA	97	ATGTTGA	78	GTGA	47		-1		-1
snoDB_771	snoDB1801	ACGATGA	21	CTAA	98	ATCAGCA	81	TTGA	48		-1		-1
snoDB_772	snoDB1802	GTGACGA	21	CTGG	93	GTTATGA	73	CTCA	41		-1		-1
snoDB_776	snoDB1803	CTGATGA	13	CTGA	46		-1	CTCT	31		-1		-1
snoDB_779	snoDB1804	ATGATGA	21	CTGA	100	ATGTTGG	81	CTCA	43	TGTTCACATG	33		-1
snoDB_780	snoDB1805	GTGATGG	21	CTGA	96	GTTATGA	71	CGGA	39		-1		-1
snoDB_781	snoDB1806	GTGATGA	21	TTGA	98	ATGTTGG	79	GTGA	48		-1		-1
snoDB_786	snoDB1807	GTGATGA	21	TTGA	104	ATGTTGG	80	CTCA	42		-1		-1
snoDB_787	snoDB1808	ATGGTGA	21	CTGA	99	GTTACAA	73	GTGA	48		-1		-1
snoDB_791	snoDB1809	GCGATGA	15	CTGA	91	GTTATGA	67	GTGA	42		-1		-1
snoDB_792	snoDB1810	ATGATAA	21	CTGA	98	ATGTTGA	79	CTCA	41		-1		-1
snoDB_793	snoDB1811	ATGATAA	19	CTAA	98	GTTATGA	73	GTGA	48		-1		-1
snoDB_794	snoDB1812	GTGATGA	21	CTGA	80	GAGATGT	48	GTGA	44		-1		-1
snoDB_798	snoDB1813	GTGATGA	21	CTGA	100	ATCATCA	80	CTCA	43		-1		-1
snoDB_802	snoDB1814	GTGATTA	21	CTGT	98	GTTACAA	73	CTCA	41		-1		-1
snoDB_803	snoDB1815	ATGATGA	9	CTGA	94	GTTATGA	69	GTGA	44		-1		-1
snoDB_804	snoDB1816	AACATGA	15	CTGA	95	ACCATGT	73	GTGA	45		-1		-1
snoDB_807	snoDB1817	ATAATGA	21	CTCA	63	GAGATGT	50	CATA	37		-1		-1
snoDB_808	snoDB1818	GTGATGG	21	GTGA	116	ATTAGTA	100	GTGA	48		-1		-1
snoDB_809	snoDB1819	GTGATGA	21	CTGA	101	GTTATGA	73	CTCA	41		-1		-1
snoDB_811	snoDB1820	GTGATGA	21	CTGA	98	ATGATAT	76	CTCA	41		-1		-1
snoDB_813	snoDB1821	GTGACGA	17	CCAA	94	ATGATGT	72	GTGA	44		-1		-1
snoDB_814	snoDB1822	AGCATGA	18	CTGA	95	GTAATGA	70	CTCA	38		-1		-1
snoDB_815	snoDB1823	GTTATTA	21	CTGA	81	GAGATGT	50	CACA	37		-1		-1
snoDB_816	snoDB1824	GTGATGA	21	CTGG	98	GTTATCT	81	CTCA	63		-1		-1
snoDB_821	snoDB1825	GTGATGA	20	ATGA	79	CTTATAA	69	CTCA	40		-1		-1
snoDB_822	snoDB1826	GTGATGA	21	CTGT	99	GAGATGT	50	CTCA	41		-1		-1
snoDB_824	snoDB1827	GTCATAA	12	CTGA	95	GTTACGA	70	CTCA	60		-1		-1
snoDB_825	snoDB1828	ATGATGA	23	CTGA	108	ATGATGT	86	GTGA	58		-1		-1
snoDB_829	snoDB1829	ATGATGA	21	CAGA	91	GTTATGA	72	GTGA	48		-1		-1
snoDB_831	snoDB1830	GAGATCA	15	GTGA	92	ATGATCT	76	CTGA	51		-1		-1
snoDB_834	snoDB1831	ATGATGA	21	GTGA	97	ATCTTCA	76	GTGA	48		-1		-1
snoDB_835	snoDB1832	CTGATGA	21	CTGA	97	GTGTTGG	78	CTCA	41		-1		-1
snoDB_836	snoDB1833	ATGGTGA	22	CTGA	100	GAGATGT	51	CTCA	42		-1		-1
snoDB_837	snoDB1834	GCGATGA	21	CTGA	98	GAGATGT	50	CTCA	41		-1		-1
snoDB_839	snoDB1835	CTCATAA	12	GTGA	96	AAGATGT	74	CTCA	40		-1		-1
snoDB_842	snoDB1836	AAACTGA	8	CTGA	93	GTTACAA	68	GTGA	43		-1		-1
snoDB_843	snoDB1837	ATGATGA	21	CTAC	93	ATCTTGT	68	CTTA	41		-1		-1
snoDB_844	snoDB1838	ATGATGA	21	CTGA	98	GTCAGCA	81	CTCA	63		-1		-1
snoDB_845	snoDB1839	GTGATGA	21	CTGA	98	ATTTTGA	73	CTCA	41		-1		-1
snoDB_849	snoDB1840	GTGATGA	21	CTGT	77	GAGATGT	50	CCTA	37		-1		-1
snoDB_856	snoDB1841	TTCATGA	12	GTGA	48	GTGTTCA	32	TTGG	28		-1		-1
snoDB_857	snoDB1842	ATAATGA	21	CTGA	98	ATGTTGG	79	CAGA	50		-1		-1
snoDB_858	snoDB1843	GTGATGA	21	GTGA	98	ATCAGCA	81	CTCA	41		-1		-1
snoDB_859	snoDB1844	GTGATGA	21	CTGA	97	GTGTTGG	79	GTGA	48		-1		-1
snoDB_860	snoDB1845	GTCATAA	12	CTAA	94	CTTCTGA	69	GTGA	47		-1		-1
snoDB_861	snoDB1846	GTGATGG	18	CTGA	96	GTTAAGA	71	GTGA	46		-1		-1
snoDB_864	snoDB1847	GTGATCA	21	CTGA	96	ATGATGT	74	GTGA	46		-1		-1
snoDB_865	snoDB1848	TTGTTGA	15	CTGA	57	GTGCTGA	40	GAGA	32		-1		-1
snoDB_872	snoDB1849	ATGATGA	21	CTGA	98	ATGTTGA	79	CTGC	38		-1		-1
snoDB_873	snoDB1850	GTGATGA	21	CTGA	99	ATGAGGT	48	CTCA	41		-1		-1
snoDB_874	snoDB1851	AGGATGA	19	CTGT	88	CTGCTGG	72	CTGG	42		-1		-1
snoDB_875	snoDB1852	ATGATGA	21	CTGA	98	ATGATGT	76	CTCA	63		-1		-1
snoDB_877	snoDB1853	ATGATGA	12	GTGA	90	GTTACGA	64	CTAA	32		-1		-1
snoDB_878	snoDB1854	ATGATGA	21	CTGG	103	CTTATGA	73	GTGA	48		-1		-1
snoDB_885	snoDB1855	TTCATGA	12	CTGA	91	GTTTTGG	72	CTCA	62		-1		-1
snoDB_886	snoDB1856	GTGATGA	21	CACA	98	AAGATGT	48	CACA	37		-1		-1
snoDB_887	snoDB1857	GTGATGA	21	CTGA	97	TTTATGA	72	GTGA	48		-1		-1
snoDB_893	snoDB1858	AACTTGA	18	GTGA	57		-1	CTTA	43		-1		-1
snoDB_894	snoDB1859	GTGATTG	21	ATGA	95	GTTATGA	70	CTGA	60		-1		-1
snoDB_895	snoDB1860	ATGACGA	21	CTGA	97	ACGTTGG	78	GTGA	48		-1		-1
snoDB_896	snoDB1861	GTGACGA	21	CTGA	95	ATCAGGA	78	CTGT	44		-1		-1
snoDB_899	snoDB1862	ATGATGA	21	CTGA	98	GTTATGA	73	GTGA	46		-1		-1
snoDB_903	snoDB1863	GTGATGA	20	CAAA	90	GTTATGA	71	GTGA	47		-1		-1
snoDB_910	snoDB1864	GTGGTTC	8	CTGA	97	ACATTGA	78	ATGA	47		-1		-1
snoDB_920	snoDB1865	ATGATGA	13	GTGA	90	ATGTTGT	68	CTTA	55		-1		-1
snoDB_924	snoDB1866	ATAATGA	21	CTTA	98	ATGATGT	76	ATGA	48		-1		-1
snoDB_925	snoDB1867	ATGATGA	20	CTGA	97	GTGAAGA	72	GTGA	47		-1		-1
snoDB_927	snoDB1868	GGGATCA	15	CTTA	97	AAGAAAA	77	CTGG	52		-1		-1
snoDB_931	snoDB1869	ATAAGGA	21	TTGA	103	ATGTGGA	79	ATGG	38		-1		-1
snoDB_932	snoDB1870	GTGATGA	21	CTGC	97	ATGATGT	75	GTGA	42		-1		-1
snoDB_933	snoDB1871	GTGATGA	21	CTGA	92	GTTATGA	67	CTCA	57		-1		-1
snoDB_934	snoDB1872	GTAATGA	22	CTGA	99	GAGATGT	51	CTCA	42		-1		-1
snoDB_936	snoDB1873	GTGATGA	18	CTGA	88	GCATTGA	69	CTCA	38		-1		-1
snoDB_937	snoDB1874	ATGATAA	20	CTGA	96	GTTAAGA	71	GTGA	46		-1		-1
snoDB_939	snoDB1875	GGGATCA	15	AGGA	71	AAGGTGT	54	TTGT	32		-1		-1
snoDB_940	snoDB1876	GGGATTA	15	CAGT	106	GGGAAGA	88	CTGA	52		-1		-1
snoDB_946	snoDB1877	TTCATGA	12	CTAA	99	GAGTTGG	80	CTGA	65		-1		-1
snoDB_947	snoDB1878	ATGATGA	20	CTGA	134	ATGATGT	108	CTGC	40		-1		-1
snoDB_949	snoDB1879	GTGATGA	21	CTGA	96	GTTATGT	74	CTAA	65		-1		-1
snoDB_950	snoDB1880	ATGATGA	21	CTGA	98	TTTATGA	73	CTCA	41		-1		-1
snoDB_958	snoDB1881	ATGATAA	21	CTGA	95	GTTATGT	73	CTCA	41		-1		-1
snoDB_959	snoDB1882	GTGATGA	21	CTGA	98	ATCAGCA	81	CAGA	37		-1		-1
snoDB_963	snoDB1883	AAGATGA	20	CTGA	94	GTTAAGA	70	ATGA	45		-1		-1
snoDB_965	snoDB1884	GTGATGA	21	CTGA	101	GTGATGA	55	CTTA	41		-1		-1
snoDB_966	snoDB1885	GTGATGA	19	CTGA	94	GTTATGA	69	GTGA	44		-1		-1
snoDB_971	snoDB1886	ATGATGA	21	CTTA	98	ATGTTGG	79	GTGA	48		-1		-1
snoDB_974	snoDB1887	ATAATTA	15	CCAA	108	ACGATGT	86	TTGA	34		-1		-1
snoDB_975	snoDB1888	GTGATGA	17	CTGA	96	GTCATGA	69	CTGT	37		-1		-1
snoDB_976	snoDB1889	ATGATGA	21	CTGA	98	CTTATGA	74	CTGA	65		-1		-1
snoDB_977	snoDB1890	ATGATGA	21	CTGA	98	ATGATGT	76	GTGA	48		-1		-1
snoDB_978	snoDB1891	GTGATGA	21	CTGA	80	GAGATGT	50	ATGT	38	TTGGCTGTTC	28		-1
snoDB_979	snoDB1892	ATGATGA	21	CTGA	93	GTCAGCA	76	TTGA	46		-1		-1
snoDB_992	snoDB1893	ATGATGA	22	CTGA	94	GAGATGT	51	ATGC	39		-1		-1
snoDB_993	snoDB1894	ATTATAA	15	CTGA	104	GTTATGA	76	GTGA	51		-1		-1
snoDB_994	snoDB1895	ACGATGA	21	CTGA	99	ATGATCT	77	CTGA	65		-1		-1
snoDB_995	snoDB1896	GGGATCA	15	TAGA	61	GAGAAGT	41	TTCA	31		-1		-1
snoDB_999	snoDB1897	ACGATGA	20	CTGG	81	GAGATGC	49	ATGT	37		-1		-1
snoDB_1003	snoDB1898	AAGATGA	21	CTGA	97	GAGATGT	50	CCCA	41		-1		-1
snoDB_1008	snoDB1899	ATGATGA	21	CTGA	98	ATGTTGG	79	GTGA	48		-1		-1
snoDB_1009	snoDB1900	CTGATGA	21	CTGA	98	GTTACAA	73	GTGA	48		-1		-1
snoDB_1010	snoDB1901	GTGATGA	21	CTGT	86	GGGACGT	50	CACA	37		-1		-1
snoDB_1016	snoDB1902	GTGATGA	21	CCGA	98	GTTATGT	73	GTGA	48		-1		-1
snoDB_1017	snoDB1903	ATGATGA	21	CTGA	98	GTTATGA	73	CTCA	41		-1		-1
snoDB_1018	snoDB1904	GTGATGA	21	CTGA	101	ACAATGA	76	GTGA	48		-1		-1
snoDB_1019	snoDB1905	GTGATTG	21	TTGA	95	GTCATCA	75	TTGA	46		-1		-1
snoDB_1020	snoDB1906	ACGATGA	16	CTGA	93	TTGGTGG	71	ATGA	33		-1		-1
snoDB_1021	snoDB1907	GTGATGA	21	CTGA	98	GTTTTGA	73	CTCA	41		-1		-1
snoDB_1022	snoDB1908	TTGATGT	21	ATGA	96	GTTACTA	73	CTTA	41		-1		-1
snoDB_1027	snoDB1909	GTGATGA	20	CTGA	97	AAGATGT	75	GTGA	47		-1		-1
snoDB_1028	snoDB1910	ATGATGA	21	CTGA	98	ACGTTGG	79	GTGA	48		-1		-1
snoDB_1029	snoDB1911	GTAATGA	20	CTGA	92	TTGATAC	70	GTGA	47		-1		-1
snoDB_1032	snoDB1912	GGGATCA	15	TTAA	69		-1	CTGA	52		-1		-1
snoDB_1038	snoDB1913	GCGATGA	22	CTGA	99	ATGATGT	77	GTGA	49		-1		-1
snoDB_1039	snoDB1914	GTGATGA	23	CTAA	90	GTTAGCA	73	CTTA	51		-1		-1
snoDB_1040	snoDB1915	GTGATAA	21	CTGA	119	GGGAGGC	77	GTGA	48		-1		-1
snoDB_1041	snoDB1916	ATGATGA	21	CTAA	98	GTTATGA	73	CACA	37		-1		-1
snoDB_1046	snoDB1917	GTGGTGA	21	CTGA	98	GTTAGCA	81	ATGA	48		-1		-1
snoDB_1048	snoDB1918	GTTAAGA	11	CTGG	93	GTTATGA	73	CTCA	41		-1		-1
snoDB_1049	snoDB1919	GTGATGA	19	CTGA	96	ATGATGT	74	CTCA	39		-1		-1
snoDB_1058	snoDB1920	GTGATGA	20	CTGA	97	GTCAGCA	80	GTGA	47		-1		-1
snoDB_1063	snoDB1921	ATGATCA	17	CTGA	103	AAGATGC	51	GTGA	47		-1		-1
snoDB_1064	snoDB1922	ATGATGA	21	CTGA	98	GTCAGCA	81	GTGA	48		-1		-1
snoDB_1065	snoDB1923	ACGATGA	20	CTGA	91	TTAATGT	73	GTGA	47		-1		-1
snoDB_1069	snoDB1924	GTGATGA	21	CTGA	97	GTTATGA	73	ATGA	40		-1		-1
snoDB_1074	snoDB1926	AGCATGA	18	CTCA	95	ACGTTGG	76	GTGA	45		-1		-1
snoDB_1086	snoDB1927	ATGATGA	21	CTGA	105	GTGAACG	88	GTGA	48		-1		-1
snoDB_1087	snoDB1928	TTGATGA	23	CTGA	97	GTTAGGA	72	GTGA	47		-1		-1
snoDB_1088	snoDB1929	ATGATGA	20	TTGA	97	GTTACGA	72	CTGA	62		-1		-1
snoDB_1093	snoDB1930	GTGATGA	21	CAGA	94	GAGATGT	50	CTCA	41		-1		-1
snoDB_1094	snoDB1931	GTGATGA	21	CTGA	99	ATGATGT	77	GTGA	50		-1		-1
snoDB_1100	snoDB1932	ATGATGA	9	CTGA	80	ACCATGT	58	GTGA	30		-1		-1
snoDB_1101	snoDB1933	GTGATGA	21	CTGT	94	GTGATGT	50	CTGT	46		-1		-1
snoDB_1104	snoDB1934	AGTATGA	18	CTGA	95	GTGATGA	70	CTCA	60		-1		-1
snoDB_1105	snoDB1935	CTCATAA	12	CTCA	134	ATGAGGT	52	CTAA	35		-1		-1
snoDB_1111	snoDB1936	GTGATGA	21	CTGA	96	ATGATGT	74	GTGA	46		-1		-1
snoDB_1112	snoDB1937	GTGACGA	21	CTGG	92	ATCAGCA	76	GTGA	46		-1		-1
snoDB_1121	snoDB1938	GTGATGA	21	GTGA	94	GTTACAA	68	GTGA	48		-1		-1
snoDB_1124	snoDB1940	AGGGTGA	18	CTGA	109	ATGATGT	87	CTCA	52		-1		-1
snoDB_1125	snoDB1941	GTGGTGA	21	CTGA	98	ATGATGT	76	CTCA	41		-1		-1
snoDB_1128	snoDB1942	ATGATGA	22	CTGA	101	GTTATCA	76	GTGA	52		-1		-1
snoDB_1132	snoDB1943	ATGATGA	21	CTGA	97	GTTACCA	72	CTGT	46		-1		-1
snoDB_1133	snoDB1944	GTGATTC	8	CTGA	95	GTTACGA	70	CTGG	25		-1		-1
snoDB_1134	snoDB1945	AAAATGT	18	TTGA	107	GAGATGT	62	GTGA	36		-1		-1
snoDB_1135	snoDB1946	GTGATGA	21	CTTA	95	ATCAGCA	78	ATGA	38	TTGGCTGTTC	28		-1
snoDB_1136	snoDB1947	ATGATAA	21	CTAA	96	GAGATGT	48	CACA	37		-1		-1
snoDB_1143	snoDB1948	GTGATGA	21	CAGA	101	ATGCTGC	79	CTCA	41		-1		-1
snoDB_1146	snoDB1949	ATCATGG	21	CTGA	98	GTTAGGA	73	CTGA	53		-1		-1
snoDB_1147	snoDB1950	GTGATGA	22	CGGA	93	GTTACAA	68	GTGA	43		-1		-1
snoDB_1148	snoDB1951	ATGATGA	21	TTGA	97	GCATTGA	79	CTAA	41		-1		-1
snoDB_1151	snoDB1952	AGTATGA	18	TTGA	98	ATTATAA	73	GTGA	48		-1		-1
snoDB_1152	snoDB1953	ATGATGA	20	GTGA	97	GTCATGT	72	CTGT	45		-1		-1
snoDB_1153	snoDB1954	GTGATGA	21	CTGA	91	CTTATGA	70	CTGT	44		-1		-1
snoDB_1159	snoDB1955	AGCATGA	18	CTGA	98	GTTATGA	73	GTGA	48		-1		-1
snoDB_1160	snoDB1956	GTGATGA	21	GTGA	98	ATGCTGT	76	CTCA	41		-1		-1
snoDB_1161	snoDB1957	GTGAGGA	21	CTGA	98	AAGATGT	50	CAGG	37		-1		-1
snoDB_1162	snoDB1958	ATGATGA	21	CTGA	98	ATGATGT	76	CTCA	41		-1		-1
snoDB_1165	snoDB1959	GTGATGA	21	CTGA	98	GTGGGCA	81	GTGA	40		-1		-1
snoDB_1168	snoDB1960	ATGATGA	21	CTGA	79	GTCATAC	63	ATGA	48		-1		-1
snoDB_1175	snoDB1961	GTGATGA	21	CTGA	92	GTTACGA	67	GTGA	42		-1		-1
snoDB_1179	snoDB1962	CTGATGA	21	CTAA	101	GTTGTTA	73	ATGA	48		-1		-1
snoDB_1180	snoDB1963	ATGATGA	21	CTGA	98	GTCAGCA	81	GTGA	48		-1		-1
snoDB_1183	snoDB1964	GTGACGA	21	CCGA	98	AAGATGT	50	CACA	37		-1		-1
snoDB_1184	snoDB1965	GTGATCA	21	CTGA	98	GAGATGT	50	CTTA	41		-1		-1
snoDB_1188	snoDB1966	GTGATGA	21	CTTA	90	GTCTTTA	62	GTGA	55		-1		-1
snoDB_1205	snoDB1967	GTGATGA	13	CTAA	90	GTTATGA	65	CTCA	33		-1		-1
snoDB_1206	snoDB1968	ATGATGA	21	CTGA	90	GACATCA	74	GTGA	47		-1		-1
snoDB_1210	snoDB1969	AGCATGA	18	CTGA	95	AGGATGT	73	CTTA	38		-1		-1
snoDB_1211	snoDB1970	TTGATGA	22	CTGA	92	ATGTTGG	73	GTGA	49		-1		-1
snoDB_1213	snoDB1971	TTGATGA	10	CTGA	94	ATGATGT	72	GTGA	46		-1		-1
snoDB_1214	snoDB1972	TTCATAA	12	CTGA	99	GTTAGTA	82	ATGA	49		-1		-1
snoDB_1218	snoDB1973	GTGATGA	20	CTGA	95	ATTATGA	70	CTCA	40		-1		-1
snoDB_1219	snoDB1974	GTAATTC	14	TTGA	106	AAGATGT	56	ATGA	30		-1		-1
snoDB_1222	snoDB1975	GTGATAT	21	CTAA	91	GAGATGT	50	CTCA	41		-1		-1
snoDB_1227	snoDB1977	AACATGA	18	CTGA	96	ATGATAT	74	CTTA	41		-1		-1
snoDB_1233	snoDB1978	ATGATGA	21	CTGA	96	ATCAGCA	79	CTGA	45		-1		-1
snoDB_1234	snoDB1979	ACGATGA	21	GTGA	96	GTTAGGA	71	GTGA	46		-1		-1
snoDB_1235	snoDB1980	GTGATGA	16	CTGA	91	GTCATGA	66	CTCA	56		-1		-1
snoDB_1236	snoDB1981	GTGATGA	21	CTCA	102	ATGGGCA	85	GTGA	52		-1		-1
snoDB_1238	snoDB1982	GGGATCA	15	CTGG	82	GTGTAGA	58	CTGA	52		-1		-1
snoDB_1241	snoDB1983	ACGATCA	21	ATGA	83	CTGTTGG	64	CTCA	48		-1		-1
snoDB_1242	snoDB1984	GTGATGA	21	CTGT	98	ATGATGT	76	CTGT	44		-1		-1
snoDB_1244	snoDB1985	TTGTGGA	6	CTGA	108	GAGATGT	60	CTTA	25		-1		-1
snoDB_1252	snoDB1986	GTGATGA	17	CTGA	95	GAGATGC	46	TTGA	37		-1		-1
snoDB_1253	snoDB1987	GTGATGA	21	CTGA	97	ATGATGT	75	CTCA	40		-1		-1
snoDB_1258	snoDB1988	CTGATGC	20	CTGA	97	ATGTCGG	78	GTGA	47		-1		-1
snoDB_1259	snoDB1989	CTGATGC	21	CTGT	98	GTTATGG	73	GTGA	48		-1		-1
snoDB_1263	snoDB1990	ATAATGA	18	CTGA	94	GAGATGT	47	CTTA	38		-1		-1
snoDB_1266	snoDB1991	GTGATGA	21	GTGA	97	GTGATGT	50	CAGG	39		-1		-1
snoDB_1267	snoDB1992	GTGATGG	21	GTGA	98	ATCACCA	73	CTCA	41		-1		-1
snoDB_1268	snoDB1993	ATAATGA	21	CTGA	100	ATGTCGG	81	CTCA	41		-1		-1
snoDB_1269	snoDB1994	GTGATGA	21	CTGA	95	ATGGTCG	79	GTGA	48		-1		-1
snoDB_1272	snoDB1995	GGGATCA	15	CAGA	81	GAGAAAA	63	CTCA	50		-1		-1
snoDB_1278	snoDB1996	ATAATGA	21	CTGA	98	ATGATGT	76	TTGA	50		-1		-1
snoDB_1279	snoDB1997	TTCATGA	12	CTGG	99	ATGTTGG	80	CTGG	28		-1		-1
snoDB_1280	snoDB1998	ACGATGG	21	CTGA	98	AGGTTGG	79	CTCA	63		-1		-1
snoDB_1282	snoDB1999	ATAAAGA	15	CTGA	108	ATGTTGC	74	CTGG	32	ACCAAGATGA	22		-1
snoDB_1290	snoDB2000	ATGATGA	21	CTAA	99	ATTGTCA	82	CTGA	65		-1		-1
snoDB_1291	snoDB2001	GTGATGA	21	CTGA	98	GTTAGGA	73	CTCA	41		-1		-1
snoDB_1292	snoDB2002	ATCTTGG	0	CTGA	112	GTGTTCA	46	TTGA	35		-1		-1
snopy_Homo_sapiens300426	snoDB2003		-1	CTGA	65	TTGATGA	47	CTGA	39		-1		-1
snopy_Homo_sapiens300072	snoDB2005	ATGATGA	7	CTGA	51		-1	ATGA	28		-1		-1
snopy_Homo_sapiens300364	snoDB2006	ATGATGA	8	CTGA	70	GTGTTTC	55	CTGA	38		-1		-1
snopy_Homo_sapiens300381	snoDB2009	ATACTGC	9	CTGA	73	ATGATGG	56	CTCA	35		-1		-1
snoDB_1611	snoDB2011	GGGGTCA	15	CAAA	65	CTGAGCA	48	TTCA	31		-1		-1
snoDB_1629	snoDB2012	ACGATGA	21	CTGA	98	GAGATGT	50	CTCA	41		-1		-1
snoDB_1630	snoDB2013	GTGATGA	21	TTGA	96		-1	CTGT	44		-1		-1
snoDB_1633	snoDB2014	ATGGTGA	21	CTGA	97	GTTACAA	73	GTGA	48		-1		-1
snoDB_1638	snoDB2015	AAGACTA	0	CTGA	145	GTGAAGC	109	CAGA	76		-1		-1
snoDB_1639	snoDB2016	ATGATGA	19	CTGA	85	ATCTTGG	66	GTGA	46		-1		-1
snoDB_1642	snoDB2017	AACATGA	6	CTGA	83	ATCATCA	66	ATGA	36		-1		-1
snoDB_1643	snoDB2018	GTCATGA	21	CTGA	92	GTCATTG	76	CTCA	63		-1		-1
snoDB_1644	snoDB2019	GTGATGA	21	CTGA	95	GTGCTAC	52	GTGA	48		-1		-1
snoDB_1648	snoDB2020	GTGATGA	21	CTGA	95	AACATCA	78	CTCA	41		-1		-1
snoDB_1653	snoDB2021	GTCACGC	2	CTGA	172	ATGATCA	126	TTGA	39		-1		-1
snoDB_1654	snoDB2022	ATTTTCA	8	ATGA	90	GTTAAGA	70	CTGA	52		-1		-1
snoDB_1656	snoDB2023	ATGATTA	21	CTGA	98	GAGATGT	50	CTCA	41		-1		-1
snoDB_1657	snoDB2024	GTGATGA	21	CTGA	99	GTTATGA	74	CTTA	41		-1		-1
snoDB_1661	snoDB2025	ATGTTGA	21	CTGA	98	ATGATGT	76	GTGA	48		-1		-1
snoDB_1662	snoDB2026	GTGATGA	21	CTGT	101	GTTACAA	76	GTGA	42		-1		-1
snoDB_1663	snoDB2027	GTGACGA	21	CTGA	98	ATGTTGG	79	CTCA	41		-1		-1
snoDB_1664	snoDB2028	ATGACGA	21	CTGA	98	GTCAGCA	81	GTGA	48		-1		-1
snoDB_1665	snoDB2029	ATGACGA	21	CTGG	95	GTGAGGT	48	CTCA	41		-1		-1
snoDB_1666	snoDB2030	GTGAAGA	21	CTGA	99	GTTACAA	74	CTGA	65		-1		-1
snoDB_1667	snoDB2031	GTGATGA	21	TTGA	93	ATGATGT	71	GTGA	46		-1		-1
snoDB_1671	snoDB2032	GGGATCA	15	GAGA	113	ATCTTCA	94	CTGT	50		-1		-1
snoDB_1673	snoDB2033	GTGATGA	22	CGGA	106	TTGCTCA	68	CTGG	42		-1		-1
snoDB_1682	snoDB2034	ATGATGA	21	CTGA	98	GTTATGA	73	CTCA	41		-1		-1
snoDB_1683	snoDB2035	ATGATGA	21	CTGA	98	ATGTTGG	79	CTCA	41		-1		-1
snoDB_1687	snoDB2036	ATGATGA	21	CTCA	98	ACGACGT	76	GTGA	48		-1		-1
snoDB_1689	snoDB2037	CTGATGA	21	CTGT	100	GTTAGGA	76	GTGA	48		-1		-1
snoDB_1691	snoDB2038	GTGGTGA	21	CTGA	100	ATTACGA	73	CTCA	63		-1		-1
snoDB_1695	snoDB2039	GGGATCA	15	CAAA	78	GTGTAGA	58	CTGA	52		-1		-1
snoDB_1698	snoDB2040	GGGATCA	15	TAGA	78	GTTTTCA	62	CTGA	51		-1		-1
snoDB_1699	snoDB2041	AGGAGGA	1	CCTA	109	GTGATCG	80	CTCA	22		-1		-1
snoDB_1700	snoDB2042	AAGACTA	0	CTGA	108	ATAATAA	82	CTGA	52		-1		-1
snoDB_1703	snoDB2043	GTGATGA	21	CAGC	91	GAGATGT	50	CACA	37		-1		-1
snoDB_1707	snoDB2044	GGGATCA	15	CTGA	107	GTGTAGA	58	CTGA	52		-1		-1
snoDB_1711	snoDB2045	GTGATGA	21	CCGA	98	ATCATCA	81	CTCA	41		-1		-1
snoDB_1712	snoDB2046	ATGATGA	5	TTGA	61	GTGAAGA	46	CTGC	25		-1		-1
snoDB_1718	snoDB2047	ATGATGA	21	CTGT	84	GGGATGA	50	CTCA	41		-1		-1
snoDB_1720	snoDB2048	GTGCTAA	11	CTGA	111	GTTGCGA	86	ATGA	37		-1		-1
snoDB_1721	snoDB2049	GTAATAA	21	CTGA	98	GAGATGT	50	CTCA	41		-1		-1
snoDB_1725	snoDB2050	ATGACGA	21	CTGT	100	GAGATGG	50	CTCA	41		-1		-1
snoDB_1729	snoDB2051	GTGATGA	21	CTGA	81	ATGATGT	59	GTGA	48		-1		-1
snoDB_1730	snoDB2052	ATGATGA	21	ATGA	99	ATCAGCA	81	CTGT	44		-1		-1
snoDB_1731	snoDB2053	GGGATCA	15	CTTA	71	GTGTAGA	58	CCGA	52		-1		-1
snoDB_1732	snoDB2054	GTGATGA	21	CTGA	107	ATGATGT	76	CTCA	41		-1		-1
snoDB_1736	snoDB2055	GTGATGA	21	CCCA	97	GAGATGT	49	CTCA	40		-1		-1
snoDB_1737	snoDB2056	GTGATGC	21	ACGA	87	ACGTTGA	68	GTGA	48		-1		-1
snoDB_1738	snoDB2057	GGGATCA	15	CTAG	97	GGGATCA	76	ATGA	34		-1		-1
snoDB_1739	snoDB2058	GTGATGA	21	CTGA	95	ACGTTGG	76	GTGA	48		-1		-1
snoDB_1742	snoDB2059	ATGATGA	21	CTAA	98	GAGATGT	49	ATGA	38		-1		-1
snoDB_1744	snoDB2060	AAGACTA	0	CTGT	84	AAGATAA	63	CTGA	52		-1		-1
snoDB_1746	snoDB2061	ATGATAA	21	CTGA	98	GTTACGA	73	GTGA	48		-1		-1
snoDB_1747	snoDB2062	ATAATGG	21	CTGA	98	GTCAGCA	81	GTGA	48		-1		-1
snoDB_1750	snoDB2063	GTGACGA	21	CTGA	100	GTTAGCA	73	GTGA	48		-1		-1
snoDB_1751	snoDB2064	GTGGTGA	21	CAGA	98	ATGTTGG	79	CTCA	41		-1		-1
snoDB_1752	snoDB2065	ATGATGA	21	CTGA	101	GATATGC	52	GTGA	48		-1		-1
snoDB_1753	snoDB2066	ATGATGA	21	CTGA	88	GAGATGT	48	CTTA	41		-1		-1
snoDB_1755	snoDB2067	GGGATCA	15	AAGA	101	GTGTAGA	58	CTGA	52		-1		-1
snoDB_1758	snoDB2068	GGGATGA	15	CTGG	197	ATGAAGG	109	CTGA	103		-1		-1
snoDB_1759	snoDB2069	GGGATCA	15	TTGA	108	ATGTAGA	58	CTGA	52		-1		-1
snoDB_1764	snoDB2070	ATAATGC	15	CTGA	97	GTTGTGA	72	CTCA	62		-1		-1
snoDB_1765	snoDB2071	GTGATGG	20	CTGA	96	GTTACAA	71	GTGA	47		-1		-1
snoDB_1766	snoDB2072	AAGCTGA	17	CTGT	87	GAGATGT	49	CTCA	40		-1		-1
snoDB_1767	snoDB2073	GTGATGA	20	CTGA	96	GTTATGA	72	GTGA	47		-1		-1
snoDB_1771	snoDB2074	GGGATCA	15	AAGA	69	GAGAAGT	41	TTCA	31		-1		-1
snoDB_1890	snoDB2075	GGGATCA	15	TTAA	72	GAGAAGT	41	TTGT	32		-1		-1
snoDB_1916	snoDB2076	ATGATGA	21	CTGA	98	ATCAACA	81	CTGA	64		-1		-1
snoDB_1929	snoDB2077	ATGATAA	21	CTGA	98	ACAACGA	76	GTGA	48		-1		-1
snoDB_1935	snoDB2078	ATGATGA	21	CTGA	98	GTTACCA	73	GTGA	48		-1		-1
snoDB_1936	snoDB2079	ATGATGA	20	CTAC	96	GTGATGT	48	CTCA	39		-1		-1
snoDB_1938	snoDB2080	AAGACTA	0	CTGA	88	AAGATGT	71	CTGA	52		-1		-1
snoDB_1939	snoDB2081	GGGATCA	15	CTGT	55	GAGAAGT	41	TTGG	31		-1		-1
snoDB_1942	snoDB2082	GGTATAA	15	CTGT	194	GTGAAGC	100	CTGG	38		-1		-1
snoDB_1948	snoDB2083	GGGATCA	15	GTAA	74	GTGTAGA	58	CTCA	52		-1		-1
snoDB_1949	snoDB2084	GGGATCA	15	CTGA	118	GAGTTGA	88	TTGT	32		-1		-1
snoDB_1958	snoDB2085	GGGATCA	15	CAAA	69	GAGAAGT	41	TTGT	32		-1		-1
snoDB_1959	snoDB2086	GTGATGA	21	CAGA	102	ATGATGT	80	CTCA	37		-1		-1
snoDB_1960	snoDB2087	AAGACTA	0	CAAA	66	GAGAAGT	41	CTAT	25		-1		-1
snoDB_1964	snoDB2088	AAGACTA	0	GTCA	72	GAGAAGT	41	CTAT	25		-1		-1
snoDB_1968	snoDB2089	ATAATGA	21	TTGA	93	GAGATGT	48	CACA	39		-1		-1
snoDB_1969	snoDB2090	AGGATGA	21	CTGA	86	ATGTTGG	67	GTGA	48		-1		-1
snoDB_1970	snoDB2091	GTGATGA	21	ATGA	98	GTTATAA	73	GTGA	48		-1		-1
snoDB_1974	snoDB2092	GTGATTG	21	CTGA	94	ATTATGT	72	CTCA	39		-1		-1
snoDB_1980	snoDB2093	GGGATCA	15	CTGA	98	GTGTGGC	81	CTGT	52		-1		-1
snoDB_2021	snoDB2094	GGGATCA	13	CAAA	67	GAGAAGT	39	TTCA	29		-1		-1
snoDB_2073	snoDB2098	GTGATGA	6	CTGA	130	ATGATAA	61	CTTA	26		-1		-1
snoDB_2083	snoDB2103	GTGATGA	6	CTGA	134	AGGCTGA	113	CGGA	33		-1		-1
snoDB_2084	snoDB2104	GTGATGA	5	CTGA	132	GTGAAGG	45	GTGA	38		-1		-1
snopy_Homo_sapiens300534	snoDB2106	GGGATCA	15	ATGA	200	ATGATGA	106	CTTA	54		-1		-1
snopy_Homo_sapiens300443	snoDB2107	AAGACTA	0	CTGA	204	TTGATGA	155	CTGA	52		-1		-1
snopy_Homo_sapiens300361	snoDB2108	GGGATCA	15	CTGA	181	GTGATGA	100	CTGA	52		-1		-1
snopy_Homo_sapiens300054	snoDB2109	GGGATCA	15	AGGA	177	ATCAGGA	139	CTGA	52		-1		-1
snopy_Homo_sapiens300400	snoDB2110	AGGATCA	15	TTGA	151	GTGATGT	126	CTGA	52		-1		-1
snopy_Homo_sapiens300530	snoDB2111	TTCAGGA	11	CTGA	185	GTGGTGG	104	CTGA	52		-1		-1
bogard_#38	snoDB2113		-1	CTGA	110	ATGTCTA	81	CTGA	51		-1		-1
bogard_#57	snoDB2114	TTGATGA	11	CTGA	66	ACAAAGA	48	CCAA	28		-1		-1
bogard_#190	snoDB2116	CTAATTA	0	CAGA	131	GTTTTGA	66	ATGA	36		-1		-1
bogard_#331	snoDB2120	TTTATTA	12	CTCA	181	GTGATAG	99	CTGA	81		-1		-1
bogard_#357	snoDB2123	CTGATGA	4	CTGA	58	GTGCGGA	38	CTGC	23		-1		-1
ens_ENSG00000202031	snoDB0051	GTGATGA	4	CTGA	62	GAGATGA	43	CTGA	32	CCAGTTCTGCTA	20		-1
ref_SNORD76	snoDB0994	ATGATGA	7	CTGA	74	ATGATGA	43	TTGA	31	TATTTGCTACTC	19		-1
ref_SNORD79	snoDB0989	GTGATGA	6	CTGA	72	ATGGAGA	54	CTGA	42	TGGGAATCTCT	31		-1
ens_ENSG00000206680	snoDB0062	ATGATGA	5	CTGA	84	ATGATGC	56	CTGA	23		-1	TGTTTCAAGACGGGA	69
ens_ENSG00000276610	snoDB0669	GTGATGA	6	CTGA	58	ATGATGA	29	CTGA	23		-1		-1
ref_SNORD50A	snoDB1021	GTGATGA	5	CTGA	68	CTGTTGA	33	CTGA	25	TCTTATCCCGAAC	12	TTACGGATCTGGCTT	53
ref_SNORD119	snoDB1080	ATGATGA	16	CTGA	77	ATGATGA	45	CTGA	36		-1	AGCAGGATTACT	65
ens_ENSG00000281859	snoDB0967	GTGATGA	5	CTGA	60	GTGAAGA	43	CTGA	33	CCAGTTCTGCTA	21		-1
ens_ENSG00000238942	snoDB0180	ATGATGG	7	CTGA	59	ATGAAGA	40	CTGA	30	ATCATCTTTCGGGA	16		-1
ens_ENSG00000200831	snoDB0446	GTGATGT	5	CTGA	64	GTGAAGA	36	CTGA	25		-1	CGAGCTTTTTAACA	50
ens_ENSG00000199753	snoDB0855	GTGATGA	3	CTGA	64	GTGATGC	47	CTGA	38	GCACGTGTTAGACTG	23		-1
ens_ENSG00000238423	snoDB0849	ATGATGG	6	CTGA	58	GTGATGT	37	CTGA	28		-1	TCAAAGGAACCA	46
ens_ENSG00000274544	snoDB0487	CAGATGA	2	CTGA	66	GTGAGGT	33	CTGA	23		-1	TAGCATGTTAGAGTT	51
ref_SNORD74	snoDB0996	CTGATGA	6	CTGA	62	ATGATGA	43	CTGA	34	GGTAGGGACAT	23		-1
ens_ENSG00000201754	snoDB0298	ATGATGA	4	CTGA	60	ATGATGT	41	CCGA	29	CAGACTAGAGTCT	16		-1
ens_ENSG00000207047	snoDB0957	ATGATGA	8	CTGA	67	GTGATGG	48	CTGA	40	TCACCATCTTTCGG	26		-1
ens_ENSG00000277846	snoDB0485	GTGATGA	4	CTGA	61	CTGTTGA	43	CTGA	32	GGAATCTCGTTCGG	18		-1
ens_ENSG00000202293	snoDB0641	ATGATGA	7	CTGA	61	GTGATGA	38	ATGA	27	GGTGGCGT	19	TTTGGAACT	52
ens_ENSG00000264549	snoDB0255	GTGATGA	6	CTGA	60	GTGCTGA	37	CTGA	27	CCAACATGCCAT	15	CCAGAGGCTGTTT	47
ens_ENSG00000206611	snoDB0445	ATGATGT	5	CTGA	67	GTGATGA	39	CTGA	29	GAATATTTGCTAT	16	ACCACCAAGATCG	54
ens_ENSG00000272296	snoDB0254	GTGATGA	7	CTGA	68	GTGAGGA	47	TTGT	23		-1	TGTCCTGCAATT	56
ens_ENSG00000254341	snoDB0419	ATGATGA	9	CTGA	76	TTGAAGA	56	CTGA	44	TTTTTGCCGTTTACCCAG	26		-1
ens_ENSG00000199961	snoDB0843	ATGATGA	8	CTGA	73	GTGTGGA	56	CTGA	32	AGTTATCCCTGT	20		-1
ens_ENSG00000238578	snoDB0850	ATGATGA	7	CTGA	62	GTGATTG	43	CTGA	34	AGCGACCAAAGT	22		-1
ens_ENSG00000200367	snoDB0615	ATGATGA	7	CTGA	63	TTGATTA	41	CTGA	27		-1		-1
ens_ENSG00000202400	snoDB0121	ATGATGA	7	CTGA	61	CTGATGT	40	CTGA	33	AGGGACTTAATA	21		-1
ref_SNORD77	snoDB0993	ATGATGG	7	CTGA	59	ATGAAGA	38	CAGA	27	GCATAGTTCAG	16		-1
ens_ENSG00000275043	snoDB0490	ATGATGA	6	CTGA	59	GTGAGGA	43	CTGA	34	TCACAGACCTGTA	21		-1
ens_ENSG00000201403	snoDB0454	GTGATGA	5	CTGA	82	GTGTTGG	56	CAGA	39		-1	CCTTCCTTGGATGT	68
ens_ENSG00000272034	snoDB0453	ATGATGA	5	CTGA	83	ATGTTGG	57	CAGA	40		-1	TCTTCCTTGGATGT	69
ens_ENSG00000275072	snoDB0304	ATGATGA	5	CTGA	63	CTGAAGA	34	CTGA	26	TATCCCGAAG	16	TACGGATTCGGCTT	49
ens_ENSG00000206989	snoDB0262	ATGATGT	5	CTGA	59	GTGTGGA	42	CTGA	32	CAACACATCATT	20		-1
ref_SNORD75	snoDB0995	GTGATGC	5	CTGA	52	TTTCTGA	36	CAGA	27	AGAGTAGTGGA	16		-1
ens_ENSG00000275996	snoDB0488	ATGATGA	5	CTGA	63	GTGATGT	46	CTGA	34	GACAAGCATATGG	21		-1
ens_ENSG00000201240	snoDB0625	ATGATGA	7	CTGA	61	ATGATGA	38	ATGA	27	CTGGTGGCGT	17	TCTGGAACT	52
ens_ENSG00000212158	snoDB0175	CTGATGA	5	CTGA	68	ATGATGG	51	CTGA	41	CGTGTCTGGGCCA	28		-1
ens_ENSG00000202529	snoDB0961	ATGATGA	5	CTGA	64	ATGATAT	46	CTGA	37	TTGGTCCGTGTTT	24		-1
ens_ENSG00000212452	snoDB0151	ATGATGA	12	CTGA	63	GTGCTGA	39	CTGA	29		-1	CAATCCAACC	53
ens_ENSG00000221539	snoDB0071	AGGATGA	8	CTGA	62	ATGAGAA	41	GTGG	27		-1	TGCGGATATGGGA	49
ens_ENSG00000200623	snoDB0703	GTGATGA	5	CTGA	64	ATGATTT	46	CTGA	37	TTGGTCCGTGTTT	24		-1
ens_ENSG00000199574	snoDB0701	ATGATGA	5	CTGA	61	ATGATTT	44	CTGA	35	GGTCCGTGTTT	24		-1
ens_ENSG00000221116	snoDB0878	GTGATGA	5	CTGA	67	CTGATGT	50	CTGA	37	AATCTGTCAATCCC	23		-1
ens_ENSG00000221500	snoDB0279	ATGATGA	7	CTGA	65	ATGAGGA	40	CTGA	30	GGCTCCCTCTA	19		-1
ens_ENSG00000200632	snoDB0614	ATGATGA	7	CTGA	66	CTGATTA	43	CTGA	29		-1		-1
ens_ENSG00000264294	snoDB0049	ATGATGA	5	CTGA	69	GTGGGGA	46	CTGC	25		-1	ACCTTGGAGAG	58
ens_ENSG00000200413	snoDB0645	ATGATGA	7	CTGA	61	ACGATGA	38	ATGA	27		-1	TCTGGAACT	52
ens_ENSG00000221514	snoDB0790	GTGATGA	9	CTGA	68	TTGAAGA	47	CTGA	36	TTCATGTCTCTTCT	22		-1
ens_ENSG00000238531	snoDB0917	CTGATGA	10	CTGA	65	GTGATTG	38	CTGA	28		-1	CAAAGTAAACGCC	52
ens_ENSG00000274091	snoDB0842	AGGATGA	8	CTGA	67	GTGAGGA	49	CTGA	32	AGTTATCCCTGT	20		-1
ens_ENSG00000272344	snoDB0640	ATGATGA	7	CTGA	61	GTGATGA	38	ATGA	27	CTGGTGGCGT	17	TCTGGAACT	52
ens_ENSG00000238862	snoDB0160	ATGATGA	13	CTGA	68	ATGAAAA	45	TTGA	32		-1	CAAGATCCAACT	56
ens_ENSG00000212498	snoDB0880	GTGATGG	7	CTGA	76	GTGATGG	56	CTGA	28		-1	TCCTGGTGT	67
ref_SNORD81	snoDB0986	ATGATGA	8	CTGA	66	TTGATGA	48	CTGA	40	CTTGAACTCTCTCA	26		-1
ens_ENSG00000200215	snoDB0613	GTGATGA	7	CTGA	64	TTGATTA	42	CTGA	28		-1		-1
ens_ENSG00000201331	snoDB0733	ATGATGA	6	CTGA	73	GTGATGA	38	TTGA	28		-1		-1
ens_ENSG00000272474	snoDB0612	ATGATGA	7	CTGA	67	TTGATTA	44	CTGA	30		-1		-1
ens_ENSG00000199968	snoDB0729	ATGATGA	6	CTGA	73	GTGATGA	38	CTGA	28		-1		-1
ens_ENSG00000200163	snoDB0728	ATGATGA	6	CTGA	73	GTGATGA	38	CTGA	28		-1		-1
ens_ENSG00000201482	snoDB0727	ATGATGA	6	CTGA	73	GTGATGA	38	CTGA	28		-1		-1
ens_ENSG00000201969	snoDB0730	ATGATGA	6	CTGA	73	GTGATGA	38	CTGA	28		-1	TAGGATTATG	63
ens_ENSG00000201950	snoDB0616	ATGATGA	7	CTGA	61	TTGATTA	42	CTGA	28		-1		-1
ens_ENSG00000199782	snoDB0719	ATGATGA	6	CTGA	73	GTGATGA	38	CTGA	28		-1	TAGGATTACG	63
ens_ENSG00000199453	snoDB0722	ATGATGA	6	CTGA	73	GTGATGA	38	CTGA	28		-1	TAGGATTACG	63
ens_ENSG00000275662	snoDB0607	ATGATGA	7	CTGA	65	ATGATTA	38	ATGA	24		-1		-1
ens_ENSG00000200612	snoDB0644	ATGATGA	7	CTGA	61	GCGATGA	38	ATGA	27	CTGGTGGCGT	17		-1
ens_ENSG00000209645	snoDB0916	ATGATGA	12	CTGA	68	GTGATTT	41	CTGA	31		-1	TTCAAAGTAAACGCT	53
ens_ENSG00000221740	snoDB0342	AGGATGA	6	CTGA	65	GTGATGG	44	CTGA	23		-1	TTAAAGGATTTAC	52
ens_ENSG00000212534	snoDB0107	ATGATGT	13	CTGA	72	GTGATCT	43	CTGA	33		-1	TTCGTCACTACCA	59
ens_ENSG00000202503	snoDB0920	ATGATGT	8	CTGA	60	CTCATGA	41	TTGA	35	TACCTACATTGT	23		-1
ens_ENSG00000200530	snoDB0922	ATGATGT	5	CTGA	74	CTGCTGA	49	CAGA	31	TTTCACGATGGTCTT	16		-1
ens_ENSG00000202499	snoDB0746	ATGATGA	6	CTGA	73	GTGATGA	38	CTGA	28		-1	TAGGATTACG	63
ens_ENSG00000199970	snoDB0713	ATGATGA	6	CTGA	73	GTGATGA	38	CTGA	28		-1	AGTAGGATTACG	61
ens_ENSG00000199704	snoDB0739	ATGATGA	6	CTGA	73	GTGATGA	38	CTGA	28		-1	TAGGATTACG	63
ens_ENSG00000200486	snoDB0721	ATGATGA	6	CTGA	73	GTGATGA	38	CTGA	28		-1	TAGGATTACG	63
ens_ENSG00000202373	snoDB0753	ATGATGA	6	CTGA	73	GTGATGA	38	CTGA	28		-1	TAGGATTACG	63
ens_ENSG00000201326	snoDB0732	ATGATGA	6	CTGA	73	GTGATGA	38	CTGA	28		-1	TAGGATTACG	63
ens_ENSG00000220988	snoDB0915	ATGATGT	8	CTGA	80	CTGAGGA	38	CTGA	28	AGCACTGGGCT	17		-1
ens_ENSG00000199311	snoDB0744	ATGATGA	6	CTGA	73	GTGATGA	38	CTGA	28		-1	TAGGATTACG	63
ens_ENSG00000201557	snoDB0631	ATGATGA	7	CTGA	61	ATGATGA	38	ATGA	27	CTGGTGGCGT	17	TCTGGAACT	52
ens_ENSG00000238597	snoDB0852	ATGATGC	7	CTGA	61	CTGATTA	43	CTGA	33	AGCGACCAAAGC	21		-1
ens_ENSG00000238300	snoDB0443	ATGATGT	12	CTGA	67	GTGTGGA	49	CTGA	38	CCAAGCACATAT	26		-1
ens_ENSG00000200478	snoDB0751	GTGATGA	6	CTGA	73	GTGATGA	38	CTGA	28		-1	TAGGATTACG	63
ens_ENSG00000238344	snoDB0602	ATGATGA	8	CTGA	66	CTGATTA	49	CTGA	40	GTCCGTGTTTCAG	27	CACATGCT	58
ens_ENSG00000265236	snoDB0292	ATGATGT	5	CTGA	69	GTGATGA	42	GTGA	26		-1		-1
ens_ENSG00000202270	snoDB0628	ATGATGA	7	CTGA	64	ATGATGA	38	ATGA	27		-1	TCTGGAACT	55
ens_ENSG00000201943	snoDB0720	ATGATGA	6	CTGA	72	GTGATGA	37	CTGA	27		-1	TAGGATTACG	62
ens_ENSG00000278261	snoDB0844	ATGATGG	8	CTGA	61	CTGAGGG	42	CTGA	29	GGTTAGTTATCCCTGT	13		-1
ens_ENSG00000202261	snoDB0754	ATGATGA	6	CTGA	73	GTGATGA	38	CTGA	28		-1	TAGGATTACG	63
ens_ENSG00000201679	snoDB0725	ATGATGA	6	CTGA	72	GTGATGA	37	CTGA	27		-1	TAGGATTACG	62
ens_ENSG00000221241	snoDB0914	ATGATGT	8	CTGA	80	CTGAGGA	38	CCGA	28	AGCACTGGGCT	17		-1
ens_ENSG00000201487	snoDB0061	ATGATGT	5	CTGA	62	TTGATGT	39	CTGA	27	TGGCATGTATTAG	14		-1
ens_ENSG00000212304	snoDB0902	CTGATGA	10	CTGA	77	CTGTTGA	45	CAGA	35	CTTCTTTCCCCAT	22		-1
ens_ENSG00000200757	snoDB0726	ATGATGA	6	CTGA	73	GTGATGA	38	CTGA	28		-1	TAGGATTACG	63
ens_ENSG00000201143	snoDB0752	ATGATGA	6	CTGA	73	GTGATGA	38	CTGA	28		-1	TAGGATTACG	63
ens_ENSG00000201907	snoDB0748	ATGATGA	6	CTGA	73	ATGATGA	38	CTGA	28		-1	TAGGATTACG	63
ens_ENSG00000239127	snoDB0939	CTGATGA	17	CTGA	77	ATGATGA	45	CTGA	33		-1	CCTCTAAGAAGTTGA	62
ens_ENSG00000200987	snoDB0740	ATGATGA	6	CTGA	73	GTGATTA	38	CTGA	28		-1	TAGGATTACG	63
ens_ENSG00000200812	snoDB0716	ATGATGA	6	CTGA	73	GTGATGA	38	CTGA	28		-1	TAGGATTACG	63
ens_ENSG00000272460	snoDB0750	ATGATGA	6	CTGA	73	GTGATGA	38	CTGA	28		-1	TAGGATTACG	63
ens_ENSG00000200480	snoDB0647	ATGATGA	7	CTGA	61	GCGATGA	38	ATGA	27	CTGGTGGCGT	17		-1
ens_ENSG00000200680	snoDB0714	ATGATGA	6	CTGA	73	GTGATGA	38	CTGA	28		-1	TAGGATTACG	63
ens_ENSG00000199593	snoDB0630	ATGATGA	7	CTGA	64	GTGATGA	38	ATGA	27		-1		-1
ens_ENSG00000201672	snoDB0611	ATGATGA	7	CTGA	64	TTGATTA	42	CTGA	28		-1		-1
ens_ENSG00000265145	snoDB0090	ATGATGA	5	CTGA	70	GAGATGA	45	CTGA	35		-1	TTCTCTTGGCTGT	57
ens_ENSG00000238886	snoDB0444	ATGATGT	12	CTGA	67	ATGTGGA	50	CTGA	39	CCAAGCACATAT	27		-1
ens_ENSG00000200593	snoDB0743	ATGATGA	6	CTGA	73	GTGATGA	38	CTGA	28		-1	TAGGATTACG	63
ens_ENSG00000201839	snoDB0619	ATGATGA	7	CTGA	64	ACGATGA	38	TTGA	27	CTGGTGGCGT	17		-1
ens_ENSG00000199960	snoDB0724	ATGATGA	6	CTGA	72	GTGATGA	37	CTGA	27		-1	TAGGATTACG	62
ens_ENSG00000200503	snoDB0715	ATGATGA	6	CTGA	73	GTGATGA	38	CTGA	28		-1	TAGGATTACG	63
ens_ENSG00000200279	snoDB0626	ATGATGA	7	CTGA	61	ATGATGA	38	ATGA	27		-1		-1
ens_ENSG00000200726	snoDB0718	ATGATGA	6	CTGA	73	ATGATGA	38	CTGA	28		-1	TAGGATTACG	63
ens_ENSG00000201700	snoDB0610	ATGATGA	7	CTGA	61	TTGATTA	42	CTGA	28		-1		-1
ens_ENSG00000275524	snoDB0736	GTGATGA	6	CTGA	73	GTGATGA	38	CTGA	28		-1	TAGGATTACG	63
ens_ENSG00000264994	snoDB0089	GTGATGA	5	CTGA	77	ATGAGGA	49	CTGA	38		-1	TTCCTTGGCTGTGT	63
ens_ENSG00000202188	snoDB0741	GTGATGA	6	CTGA	73	GTGATGA	38	CTGA	28		-1	TAGGATTACA	63
ens_ENSG00000199833	snoDB0731	ATGATGA	6	CTGA	72	GTGATGA	37	CTGA	27		-1	TAGGATTACG	62
ens_ENSG00000201634	snoDB0758	ATGATGA	6	CTGA	67	ATGATGA	32	TTGA	22		-1		-1
ens_ENSG00000200564	snoDB0749	ATGATGA	6	CTGA	73	GTGATGA	38	CTGA	28		-1	TAGGATTACG	63
ens_ENSG00000200949	snoDB0742	ATGATGA	6	CTGA	73	ATGATGA	38	CTGA	28		-1	TAGGATTACG	63
ens_ENSG00000199712	snoDB0712	ATGATGA	6	CTGA	73	GTGATGA	38	TTGA	28		-1	TAGGATTATG	63
ens_ENSG00000201992	snoDB0745	ATGATGA	6	CTGA	73	GTGATGA	38	TTGA	28		-1	TAGGATTACA	63
ens_ENSG00000273835	snoDB0723	ATGATGA	6	CTGA	73	GTGATGA	38	CTGA	28		-1	TAGGATTACG	63
ens_ENSG00000208883	snoDB0381	GTGATGA	7	CTGA	68	GTGAGGA	47	TTGT	23		-1	TGTCCTGCAGTT	56
ens_ENSG00000221381	snoDB0913	GTGATGT	8	CTGA	80	CTGAGGA	38	CTGA	28	AGCACTGGGCT	17		-1
ens_ENSG00000202142	snoDB0634	GTGATGA	7	CTGA	61	ACGATGA	38	ATGA	27		-1		-1
ens_ENSG00000278089	snoDB0717	ATGAGAA	6	CTGA	73	GTGATAA	35	CTGA	25		-1	TAGGATTACG	63
ens_ENSG00000199489	snoDB0735	ATTATGA	6	CTGA	73	GTGATGA	38	CTGA	28		-1	TAGGATTACG	63
ens_ENSG00000200089	snoDB0650	GCGATGA	7	CTGA	64	AGGATGA	38	GTGA	27	GGTGGTGT	19	CCTGGAACT	55
ens_ENSG00000200823	snoDB0618	ATGATAA	7	CTGA	67	AGGTTGA	38	ATGA	27		-1		-1
ens_ENSG00000212384	snoDB0609	ATCATTA	7	CAGA	61	TTGATTA	42	CTGT	24		-1		-1
ens_ENSG00000202191	snoDB0608	GTGATGA	4	CTGA	58	TTGATTA	40	ATGA	26		-1		-1
ens_ENSG00000212414	snoDB0404	ATGATGG	5	CTGA	56	ATGAAGA	37	CAGA	25	GCATAGTTCAG	14		-1
ens_ENSG00000201264	snoDB0209	ATGATGA	5	CTGA	64	CTGATTA	41	ATGA	31		-1		-1
ens_ENSG00000201025	snoDB0942	CTGATGA	4	CTAA	60	TTGATGA	41	CTAA	32	GGTAGGGACAA	21		-1
snoAtlas_snoID_0311	snoDB1092	TTGAGGA	5	CTGA	78	ATGATGA	61	GTGA	24		-1		-1
snoAtlas_snoID_0325	snoDB1104	ATGATGA	4	CTGA	65	GTGATGA	27	CTGA	22		-1		-1
snoAtlas_snoID_0337	snoDB1113	ATGATGA	5	CTGA	102	GTGAAGG	68	CTGA	45	ATGCACCACTTT	33		-1
snoAtlas_snoID_0340	snoDB1114	ATGATGA	4	CTGA	66	TTGATTA	45	CTGA	32		-1	GTTGTGTGAC	56
snoAtlas_snoID_0362	snoDB1133	ATGATGA	4	CTGA	74		-1	CTGA	21		-1		-1
ref_SNORD142	snoDB1038	ATGATGA	9	CTGA	183	ATGAAGA	135	CTGA	114		-1	CTCATCTTA	174
ens_ENSG00000212309	snoDB0111	ATGATGC	13	CTGA	69	GTGATCT	43	CTGA	33		-1	TTCGTCACTACCA	56
snoAtlas_snoID_0662	snoDB1219	GTGATGA	5	CTGA	94	GAGATGA	58	CTGT	43		-1		-1
ens_ENSG00000284078	snoDB0243	GTGATGA	15	CTGA	64	ATGATAC	45	ATGA	33		-1	GTAAACGCTTT	53
snoAtlas_snoID_0684	snoDB1225	CTGTTGA	4	CTGA	53	ATGATGA	29	AAGA	21		-1		-1
ens_ENSG00000222937	snoDB0261	GTGATGT	5	CTGA	61	GTGGTGA	44	CTGA	30	CAACACATCACT	18		-1
ref_SNORD173	snoDB1033	GTGATGT	5	CTGA	88	ATGATGT	71	CTGA	37		-1		-1
snoAtlas_snoID_0697	snoDB1228	ATGATGA	11	CTGA	69	CTGAGGA	49	CTGA	37		-1		-1
snoAtlas_snoID_0711	snoDB1233	GTGTTGA	4	CTGA	60	GTGATGT	43	CTGG	35		-1		-1
snoAtlas_snoID_0722	snoDB1243	GTGATGT	6	CTGA	60		-1	CTGC	35		-1		-1
snoAtlas_snoID_0743	snoDB1264	GTGATGG	6	CTGA	45		-1	CTGG	24		-1		-1
snoAtlas_snoID_0309	snoDB1090	ATGATGA	5	CTGA	33		-1		-1		-1		-1
snoAtlas_snoID_0314	snoDB1095	GTGATGA	5	CTGA	24		-1		-1		-1		-1
snoAtlas_snoID_0315	snoDB1096	ATGATGA	4	CTGA	22		-1		-1		-1		-1
snoAtlas_snoID_0320	snoDB1100	ATGATGA	5	CTGA	21		-1		-1		-1		-1
snoAtlas_snoID_0321	snoDB1101	GTGATGA	5	CTGA	21		-1		-1		-1	TGAGAAGGAGAA	9
snoAtlas_snoID_0323	snoDB1102	GTGATGA	4	CTGA	19		-1		-1		-1		-1
snoAtlas_snoID_0329	snoDB1108	ATGATGA	5	CTGA	28		-1		-1		-1		-1
snoAtlas_snoID_0342	snoDB1116	GTGATGA	4	CTGA	19		-1		-1		-1		-1
snoAtlas_snoID_0343	snoDB1117	ATGATGA	5	CTGA	25		-1		-1		-1		-1
snoAtlas_snoID_0350	snoDB1123	ATGATGA	5	CTGA	20		-1		-1		-1		-1
snoAtlas_snoID_0353	snoDB1125	ATGATGA	5	CTGA	32		-1		-1		-1		-1
snoAtlas_snoID_0356	snoDB1127	ATGATGA	5	CTGA	34		-1		-1		-1	TGATCAAAGG	24
snoAtlas_snoID_0357	snoDB1128	GTGATGA	5	CTGA	34		-1		-1		-1		-1
snoAtlas_snoID_0361	snoDB1132	ATGATGA	5	CTGA	34		-1		-1		-1		-1
snoAtlas_snoID_0369	snoDB1137	GTGATGT	5	CTGA	53		-1	CTGA	25		-1		-1
snoAtlas_snoID_0371	snoDB1139	GTGATGC	5	CTGA	30		-1		-1		-1		-1
snoAtlas_snoID_0373	snoDB1141	ATGATGA	5	CTGA	27		-1		-1		-1		-1
snoAtlas_snoID_0375	snoDB1143	ATGATGC	5	CTGA	32		-1		-1		-1	GGTGCTTG	24
snoAtlas_snoID_0378	snoDB1146	GTGATGA	5	CTGA	27		-1		-1		-1		-1
snoAtlas_snoID_0379	snoDB1147	ATGATGA	5	CTGA	22		-1		-1		-1	TCTGGGCT	14
snoAtlas_snoID_0385	snoDB1153	ATGATGT	5	CTGA	90	GTGATGG	41	CTGA	28		-1	GTCCTCCAGG	80
snoAtlas_snoID_0387	snoDB1155	ATGATGT	5	CTGA	22		-1		-1		-1		-1
snoAtlas_snoID_0388	snoDB1156	GTGATGT	5	CTGA	22		-1		-1		-1		-1
snoAtlas_snoID_0389	snoDB1157	GTGATGT	5	CTGA	23		-1		-1		-1		-1
snoAtlas_snoID_0391	snoDB1159	GTGATGT	5	CTGA	31		-1		-1		-1	TGTGTACTT	22
snoAtlas_snoID_0392	snoDB1160	ATGATGT	5	CTGA	23		-1		-1		-1		-1
snoAtlas_snoID_0393	snoDB1161	ATGATGT	5	CTGA	26		-1		-1		-1		-1
snoAtlas_snoID_0395	snoDB1163	ATGATGA	5	CTGA	29		-1		-1		-1		-1
snoAtlas_snoID_0397	snoDB1165	GTGATGC	5	CTGA	33		-1		-1		-1		-1
snoAtlas_snoID_0402	snoDB1170	ATGATGA	5	CTGA	24		-1		-1		-1		-1
snoAtlas_snoID_0403	snoDB1171	GTGATGT	5	CTGA	25		-1		-1		-1		-1
snoAtlas_snoID_0404	snoDB1172	ATGATGA	5	CTGA	25		-1		-1		-1	GAGTGCTTCA	15
snoAtlas_snoID_0410	snoDB1178	GTGATGT	5	CTGA	26		-1		-1		-1		-1
snoAtlas_snoID_0413	snoDB1181	ATGATGT	5	CTGA	27		-1		-1		-1		-1
snoAtlas_snoID_0414	snoDB1182	CTGATGT	5	CTGA	94	CTCATGA	48	CTGA	41		-1		-1
snoAtlas_snoID_0415	snoDB1183	ATGATGA	5	CTGA	44		-1	CTGA	29		-1	GTGCTCCCAG	34
snoAtlas_snoID_0416	snoDB1184	ATGATGA	5	CTGA	23		-1		-1		-1		-1
snoAtlas_snoID_0418	snoDB1186	GTGATGA	5	CTGA	25		-1		-1		-1		-1
snoAtlas_snoID_0420	snoDB1188	ATGATGA	5	CTGA	25		-1		-1		-1	TGTCAGACTT	15
snoAtlas_snoID_0421	snoDB1189	CTGATGA	5	CTGA	22		-1		-1		-1	GATCAACC	14
snoAtlas_snoID_0426	snoDB1194	GTGATGT	5	CTGA	27		-1		-1		-1		-1
snoAtlas_snoID_0427	snoDB1195	ATGATGA	5	CTGA	33		-1		-1		-1		-1
snoAtlas_snoID_0430	snoDB1198	GTGATGC	5	CTGA	66	ATTTTGA	41	CTGT	27		-1		-1
snoAtlas_snoID_0434	snoDB1202	ATGATGT	5	CTGA	28		-1		-1		-1		-1
snoAtlas_snoID_0438	snoDB1206	GTGATGC	5	CTGA	26		-1		-1		-1		-1
snoAtlas_snoID_0439	snoDB1207	ATGATGA	5	CTGA	24		-1		-1		-1		-1
snoAtlas_snoID_0441	snoDB1209	ATGATGC	5	CTGA	25		-1		-1		-1		-1
snoAtlas_snoID_0443	snoDB1211	GTGATGC	5	CTGA	24		-1		-1		-1	CCCACCTGTTTAC	11
snoAtlas_snoID_0445	snoDB1213	GTGATGA	5	CTGA	30		-1		-1		-1		-1
snoAtlas_snoID_0666	snoDB1220	ATGATGA	5	CTGA	30		-1		-1		-1		-1
snoAtlas_snoID_0668	snoDB1221	ATGATGA	5	CTGA	23		-1		-1		-1		-1
snoAtlas_snoID_0714	snoDB1235	ATGATGC	5	CTGA	19		-1		-1		-1		-1
snoAtlas_snoID_0715	snoDB1236	TTGATGA	10	CTGA	25		-1		-1		-1		-1
snoAtlas_snoID_0717	snoDB1238	GTGATGA	4	CTGA	34		-1		-1		-1		-1
snoAtlas_snoID_0718	snoDB1239	GTGATGT	6	CTGA	16		-1		-1		-1		-1
snoAtlas_snoID_0720	snoDB1241	TTGATGA	5	CTGA	27		-1		-1		-1		-1
snoAtlas_snoID_0724	snoDB1245	ATGATGT	8	CTGA	33		-1		-1		-1		-1
snoAtlas_snoID_0725	snoDB1246	GTGATGG	6	CTGA	19		-1		-1		-1		-1
snoAtlas_snoID_0730	snoDB1251	GTGATGA	3	CTGA	19		-1		-1		-1		-1
snoAtlas_snoID_0733	snoDB1254	CTGATGA	7	CTGA	23		-1		-1		-1	CGCCTGTTC	14
snoAtlas_snoID_0737	snoDB1258	ATGATTA	7	ATGA	26		-1		-1		-1		-1
snoAtlas_snoID_0741	snoDB1262	GTGATGT	5	CTGA	23		-1		-1		-1		-1
snoAtlas_snoID_0746	snoDB1267	ATGATGA	5	CTGA	27		-1		-1		-1		-1
ref_SNORD31	snoDB1049	GTGATGA	5	CTGA	59	CTGAAAG	45	CTGA	30	TACCGCCCCAGT	18		-1
ens_ENSG00000277512	snoDB0811	ATGATGA	2	CTGA	67	GTGGTGA	48	CAGA	37	AGCTGGAATTACCGG	22		-1
ref_SNORD78	snoDB0990	ATGATGT	5	CTGA	57	ATGTAGA	39	CTGA	28	ATCAAATGTCTGAC	14		-1
ref_SNORD44	snoDB0991	ATGATGA	5	CTGA	55	ATGAAGG	32	CTGA	26		-1	ATTAGCTCTAA	44
ens_ENSG00000276788	snoDB0489	GGGATGA	5	CTGA	66	GTGGAGA	47	CTGA	36	TGAACTCTCTCTTT	22		-1
ens_ENSG00000239039	snoDB0395	GTGATGA	21	CTGA	98	CTTGTTA	70	GTGA	48		-1	CATTACCCGT	88
ens_ENSG00000209482	snoDB0933	TTGATGA	8	CTGA	84	GTGTAGA	55	CCGA	43		-1	CTGCCTTCCTT	73
ens_ENSG00000238917	snoDB0836	GTGATGG	5	CTGA	134	GTGTCCT	65	CTGA	28	CATGCGTGTCAT	16		-1
ens_ENSG00000206775	snoDB0903	GTGATGA	4	CTGA	60	CTGAAGA	43	CAGA	33	ATTTCTTCACTTTGAC	17		-1
ens_ENSG00000239043	snoDB0592	GTGATGA	8	CTGA	74	ATGAGGA	51	GTAA	31		-1	GTCCCTCTAAA	63
ens_ENSG00000207014	snoDB0674	ATGATGA	6	CTGA	86	ATGAGTG	51	CTGA	42		-1		-1
ens_ENSG00000206727	snoDB0679	ATGATGA	6	CTGA	86	ATGAGTG	51	CTGA	42		-1		-1
ens_ENSG00000207191	snoDB0663	ATGATGA	6	CTGA	86	ATGAGTG	51	CTGA	42		-1		-1
ens_ENSG00000207133	snoDB0677	ATGATGA	6	CTGA	86	ATGAGTG	51	CTGA	42		-1		-1
ens_ENSG00000207093	snoDB0678	ATGATGA	6	CTGA	86	ATGAGTG	51	CTGA	42		-1		-1
ens_ENSG00000207442	snoDB0676	ATGATGA	6	CTGA	87	ATGAGTG	52	CTGA	43		-1		-1
ens_ENSG00000207031	snoDB0561	ATGATGA	6	CTGA	66	CTGAAGC	47	CTGA	38	TGACTTTCGTTCTT	24		-1
ens_ENSG00000206754	snoDB0278	ATGATGA	6	CTGA	64	ATGAGTG	45	CTTC	32		-1		-1
ens_ENSG00000263764	snoDB0935	ATGATGA	5	CTGA	56	GTGCTGA	39	CAGA	29	TGACGGGCGGA	18		-1
ref_SNORD59B	snoDB1058	CTGATGA	9	CTGA	66	CTGAAGC	47	CTGA	38	TTCTGACTTTCGTTCTT	21		-1
ref_SNORD80	snoDB0988	ATGATGA	3	CTGA	65	CTGATGA	33	CAGA	23	CATAGTTCAG	13	AGTCTTTCGCTCCTAT	49
ens_ENSG00000202093	snoDB0868	GTGATGA	5	CTGA	55	ATGAAAG	39	TTGG	28	TCTTAGGACACCT	15		-1
ens_ENSG00000207063	snoDB0672	ATGATGA	6	CTGA	86	ATGAGTG	51	CTGA	42		-1		-1
ens_ENSG00000201823	snoDB0297	GTGATGA	1	CTGA	58	CTGATGC	36	CTTG	23		-1	TCACCGCAGCGCT	45
ens_ENSG00000207001	snoDB0673	ATGATGA	6	CTGA	86	ATGAGTG	51	CTGA	42		-1		-1
ens_ENSG00000202314	snoDB0460	ATGATGA	7	CTGA	63	ATGAAAA	48	CTGA	35	ATGTTCAACTGCT	22		-1
ens_ENSG00000275529	snoDB0675	ATGATGA	6	CTGA	87	ATGAGTG	52	CTGA	43		-1		-1
ens_ENSG00000201675	snoDB0918	GTGATGA	7	CTGA	74	ATGAGAT	50	TTGA	35	TTCACCATCTTTCGT	20	CCATGCACCGCT	62
ref_SNORD29	snoDB1050	ATGATGA	5	CTGA	56	GTGAAAA	38	ATGA	28	CTAGCTCACT	18		-1
ens_ENSG00000223224	snoDB0803	AGGATGA	10	CTGA	73	ATGCTGA	55	CTAA	38	GAGTGATCCATCGG	24		-1
ens_ENSG00000199673	snoDB0702	ATGATGT	4	CTGA	92	CTGCTGT	49	CTTA	23	GTAATTTGCGT	12		-1
ens_ENSG00000207263	snoDB0684	ATGATGA	6	CTGA	83	ATGAGTG	48	CTGA	39	TTCCTTGGAAAG	27		-1
ens_ENSG00000206656	snoDB0666	ATGATGA	6	CTGA	83	ATGAGTG	48	CTGA	39	TTCCTTGGAAAG	27		-1
ens_ENSG00000207460	snoDB0686	ATGATGA	6	CTGA	83	ATGAGTG	48	CTGA	39	TTCCTTGGAAAG	27		-1
ens_ENSG00000278715	snoDB0687	ATGATGA	6	CTGA	83	ATGAGTG	48	CTGA	39	TTCCTTGGAAAG	27		-1
ens_ENSG00000229686	snoDB0881	ATGATGG	5	CTGA	63	GTGTTGA	46	CAGC	28	TATTTTTCGTCAA	15		-1
ens_ENSG00000206630	snoDB0962	GTGATGA	5	CTGA	74	CTGATTA	57	ATGA	37	TTCTGACACCTCGT	23		-1
ens_ENSG00000200259	snoDB0921	ATGATGT	5	CTGA	73	ATGGCGA	49	CGGA	32	TCTCACGATGGTCTG	17		-1
ens_ENSG00000206602	snoDB0869	GTGATGA	5	CTGA	56	GTGAAAA	39	TTGG	28	TCTTAGGACACCT	15		-1
ens_ENSG00000275127	snoDB0689	ATGATGA	6	CTGA	83	ATGAGTG	48	CTGA	39	TTCCTTGGAAAG	27		-1
ens_ENSG00000212232	snoDB0896	ATGATGA	5	CTGA	229	TTGGTGT	169	CTGA	29	GTTTATCCATTCG	16		-1
ens_ENSG00000201569	snoDB0633	ATGATGA	7	CTGA	64	ACGATGA	38	TGGA	27		-1		-1
ens_ENSG00000207279	snoDB0691	ATGATGA	6	CTGA	83	ATGAGTG	48	CTGA	39	TTCCTTGGAAAG	27		-1
ens_ENSG00000206688	snoDB0685	ATGATGA	6	CTGA	83	ATGAGTG	48	CTGA	39	TTCCTTGGAAAG	27		-1
ens_ENSG00000252542	snoDB0448	ATGATGG	5	CTGA	57	ATGTGGT	39	CTGA	28	GAATTTCTTCAC	16		-1
ens_ENSG00000277370	snoDB0810	CTGATGA	4	CTGA	65	CTGACGA	45	CAGA	33		-1		-1
ens_ENSG00000222365	snoDB0901	ATGATGA	10	CTGA	78	ATGTTGA	45	CAGA	35	CTTTTTTCCCCGA	22		-1
ens_ENSG00000199575	snoDB0617	ATGATGA	7	CTGA	61	ACGGTGA	38	ATGA	27	CTGGTGGCGT	17		-1
ens_ENSG00000207241	snoDB0060	ATGATGT	5	CTGA	74	CTGATGT	39	CTGA	27	TGTTGGCATGTATTAT	11	TTAGCTCTAGAATTACT	57
ens_ENSG00000200406	snoDB0642	ATGATGA	7	CTGA	61	ACAATGA	38	ATGA	27	CTGGTGGCGT	17	TCTGGAACT	52
ens_ENSG00000212135	snoDB0458	GTGATGA	7	CTGA	101	CTGGTGA	70	CTCA	58		-1		-1
ens_ENSG00000200084	snoDB0795	TGATGA	0	CTGA	62	TTGATGA	31	CTGT	21	TTCTCCGGAATCG	8	GAACCCTTTTCCAT	48
ens_ENSG00000231587	snoDB0441	GTGATGT	5	CTGA	78	CTGTGGA	40	CTGA	29		-1		-1
ens_ENSG00000206979	snoDB0377	ATGATGA	3	CTGA	65	ATGATAA	34	TTGA	21		-1	TCCTCTAAGAAGTT	51
ens_ENSG00000235284	snoDB0440	GTGATGT	5	CTGA	78	CTGTGGA	40	CTGA	29		-1		-1
ens_ENSG00000209042	snoDB0900	ATGATGA	10	CTGA	76	ATGCTGA	45	CAGA	35	CTTTTTTCCCCAT	22	GCCAGTTAGTT	65
ens_ENSG00000209480	snoDB0934	GTGATGA	8	CTGA	82	CTGCGGA	53	CCGA	43		-1	CTTGTTGCCTTCCTT	67
ens_ENSG00000238793	snoDB0818	ATGATGT	16	CTGA	84	TTGAAGG	64	CTGA	49		-1		-1
ens_ENSG00000238650	snoDB0416	ATGAGGA	5	CTGA	56	GTGATAA	35	TTGA	25		-1	TATACGCTATT	45
ens_ENSG00000212447	snoDB0437	ATGATGA	22	CTGA	91	CTGATAC	70	CTGA	46		-1		-1
ens_ENSG00000199436	snoDB0603	GTGATGA	5	CTGA	95	TTGGGTG	59	CGGA	27		-1		-1
ens_ENSG00000202048	snoDB0639	ATGATGA	7	CTGA	61	ACAGTGA	38	ATGA	27	CTGGTGGCGT	17	TCTCTGGAACT	50
ref_SNORD103B	snoDB0978	ATGATGA	10	CTGA	79	ATGAGAA	50	CTGA	31	ACTTGCCCTCA	20		-1
ref_SNORD103A	snoDB0977	ATGATGA	10	CTGA	79	ATGAGAA	50	CTGA	31	ACTTGCCCTCA	20		-1
ens_ENSG00000207118	snoDB0475	ATGATGA	5	TTGA	79	CTTATGT	49	CGTA	29		-1	CCTTCCTTGGATGT	65
ens_ENSG00000239195	snoDB0465	ATGATGA	6	CTGA	64	ATGAACT	46	ATGA	34	TGTTCAACTGCTGA	20		-1
ens_ENSG00000200608	snoDB0627	GTGATGG	7	CTGA	64	ACAGTGA	38	GTGA	27	CTGGTGGTGT	17	TCTGGAACT	55
ens_ENSG00000207174	snoDB0683	ATGATGA	6	CTGA	83	ATGAGTG	48	CTGA	39	TTCCTTGGAAAG	27		-1
ens_ENSG00000206621	snoDB0682	ATGATGA	6	CTGA	83	ATGAGTG	48	CTGA	39	TTCCTTGGAAAG	27		-1
ref_SNORD47	snoDB0987	ATGATGT	5	CTGA	69	ATGATAT	36	ATGA	26	TGATTCTGCCAA	14		-1
ens_ENSG00000207280	snoDB0120	ATGATGA	5	CTGA	71	TTGATGA	31	CTGA	20		-1		-1
ref_SNORD103C	snoDB0979	AGGATGA	8	CTGA	64	CTGATGA	47	CTTA	31	ACTTGCCCTCA	20		-1
ens_ENSG00000199631	snoDB0919	GTGATGA	7	CTGA	75	GAGATGA	50	TCGA	33		-1	CATGCACTACCAT	62
ens_ENSG00000251815	snoDB0693	ATGATGA	6	CTGA	87	ATGAGTG	50	CTGA	41		-1		-1
ens_ENSG00000199744	snoDB0447	ATGATGT	5	CTGA	64	TTGAAGT	34	CTGA	22	GAATCTCTCA	12	ATGAGCTTTTTAACC	49
ens_ENSG00000252326	snoDB0692	ATGATGA	6	CTGA	83	ATGAGTG	46	CTGA	37		-1		-1
ens_ENSG00000200785	snoDB0654	ATGATGA	5	CTGA	101	TTGGGTG	60	CTGA	27		-1		-1
ens_ENSG00000283551	snoDB0515	ATGATGT	5	CTGA	59	GTGTGGA	42	CTGA	32	TCCTATTCCATTG	19		-1
ens_ENSG00000226572	snoDB0882	GTGATGA	5	CTGA	65	ATGGAGG	36	CTGA	23		-1	AACTGATTTAATGAGC	49
ens_ENSG00000201899	snoDB0643	TTGATGG	17	CTGA	61	ATGATGA	38	ATGA	27		-1	TCTGGAACT	52
ens_ENSG00000271982	snoDB0870	ATGATGG	5	CTGA	57	ATGAAAA	40	TTGG	29	TCTTAGGACACCT	16		-1
ens_ENSG00000277785	snoDB0688	ATGATGA	6	CTGA	83	ATGAGTG	48	CTGA	39	TTCCTTGGAAAG	27		-1
ens_ENSG00000212163	snoDB0854	ATGATGG	11	CTGA	78	GTGATGC	56	CTGA	43	GTCTGAACCTGT	31		-1
ens_ENSG00000238649	snoDB0851	ATGATGG	6	CTGA	55	ATGAACA	39	TGGA	25		-1	CAAAGGAACCA	44
ens_ENSG00000208772	snoDB0116	GTGATGA	6	CTGA	128	ATGAGAC	109	CGGA	27		-1		-1
ens_ENSG00000206620	snoDB0059	ATGATGA	5	CTGA	69	TTGATTA	37	CTGA	25	GTTGGCATGTATT	12	TTAGCTCTAGAATTACT	52
ens_ENSG00000207375	snoDB0690	ATGATGA	6	CTGA	83	ATGAGTG	48	CTGA	39	TTCCTTGGAAAG	27		-1
ens_ENSG00000251896	snoDB0694	ATGATGA	6	CTGA	83	ATGAGTG	46	CTGA	37		-1		-1
ens_ENSG00000274640	snoDB0671	ATGATGA	6	CTGA	58	CTCATTC	40	CTGA	32		-1		-1
ens_ENSG00000239169	snoDB0759	ATGATGA	6	CTGA	58	CTCATTC	40	CTGA	32		-1		-1
ens_ENSG00000208797	snoDB0210	GTGATGA	5	CTGA	57	GTGATAA	40	ATGA	30	GTTTCGGTCCCAG	17		-1
ens_ENSG00000212296	snoDB0235	GTGATGT	9	CTGA	68	TTGATTT	51	ATGA	39	TAAATGTCTGAACAT	24		-1
ens_ENSG00000239112	snoDB0226	ATGATGA	7	CTGA	60	TTGAAAA	39	CTGA	25		-1	TGCCATCCATTTC	47
ens_ENSG00000209702	snoDB0923	GTGATGA	6	CTGA	61	CTGATTT	36	GTGA	18		-1	GTATTCGTACTGG	48
ens_ENSG00000212283	snoDB0098	ATGATGA	8	CTGA	103	ACGATGA	69	TTGC	30		-1		-1
ens_ENSG00000207245	snoDB0708	ATGATGA	6	CTGA	74	ATGAGTG	48	CTGA	39	CCTTGGAAAT	29		-1
ens_ENSG00000206609	snoDB0665	ATGATGA	6	CTGA	83	ATGAGTG	48	TTGA	39	TTCCTTGGAAAG	27		-1
ens_ENSG00000276314	snoDB0668	ATGATGA	5	CTGA	67	ATGATTT	34	CTGA	25		-1		-1
ens_ENSG00000201247	snoDB0629	GTGATGA	7	CTGA	63	CACATGA	37	ATGA	27	CTGGTGGCAT	17		-1
ens_ENSG00000275084	snoDB0853	ATGATGT	35	CTGA	102	GTGATGC	80	CTGA	67	AAATGTCTGAACCTGT	51		-1
ens_ENSG00000201831	snoDB0711	TTGATGA	3	CTGA	73	GTGATGA	38	CTGA	28		-1	TAGGATTACG	63
ens_ENSG00000207137	snoDB0681	ATGATGA	6	CTGA	83	ATGAGTG	48	CTGA	39	TTCCTTGGAAAG	27		-1
ens_ENSG00000199798	snoDB0621	TTGATGA	4	CTGA	59	ACAATGA	36	ATGA	27	CTGGTGGCCT	17		-1
ens_ENSG00000221066	snoDB0791	ATGATGA	9	CTGA	82	CTGGACA	56	CTGA	43	TTTCATGTCTCTTCT	28		-1
ens_ENSG00000207197	snoDB0680	ATGATGA	6	CTGA	83	ATGAATG	48	CTGA	39	TTCCTTGGAAAG	27		-1
ens_ENSG00000201689	snoDB0648	ATGATGA	7	CTGA	59	ACAGTGA	36	ATGA	25		-1	TCTGGAACT	50
ens_ENSG00000221803	snoDB0911	GTGATGA	6	CTGA	101	ATGGCTG	58	GTGC	30		-1		-1
ens_ENSG00000200832	snoDB0620	GTGATGA	7	CTGA	64	ATGCTGA	38	AGAA	27	CTGGTGGCAT	17		-1
ens_ENSG00000199914	snoDB0632	ATTATGA	7	CTGA	59	ATAATGA	33	GTGA	22		-1	TCTGGAACT	50
ens_ENSG00000201330	snoDB0285	GTGATGA	7	CTGA	74	ATGAGAC	50	TTGA	35	TCACCATCTTTCGT	21	CCATGCACTGCT	62
ens_ENSG00000200636	snoDB0646	GTGTTGA	7	CTGA	59	ACAATGA	36	GTGA	27		-1	TCTGGAACT	50
ens_ENSG00000212493	snoDB0149	ACGAGGA	5	CTGA	51	CTGAAGA	28	CTGA	18		-1	AGATCCAACT	41
ens_ENSG00000201263	snoDB0623	ATGATGT	7	CTGA	61	TTGGTGA	38	ATAA	27	CTGGTGGCGT	17	TCTGGAACT	52
ens_ENSG00000200638	snoDB0747	CTGATGA	3	CTGA	73	GTGATGA	38	CTGA	28		-1		-1
ens_ENSG00000199942	snoDB0635	ATGATAA	7	CTGA	64	ATAATGG	38	ATGA	27		-1		-1
ens_ENSG00000200661	snoDB0664	TTGATGA	3	CTGA	93	ATGAGTG	58	GTGA	49	TTTTTTTTGGAAAG	35		-1
ens_ENSG00000201318	snoDB0649	ATCATGA	7	CTGA	61	TCAGTGA	38	ATGG	27		-1	TCTGGAACT	52
ref_SNORD114-8	snoDB1066	ATGATGG	7	CTGA	61	ACAGTGA	38	ATGA	27	CTGGTGGCTT	17		-1
ens_ENSG00000199390	snoDB0624	GTGATGG	10	CTGA	66	ATGATGA	39	TTTA	28		-1		-1
ens_ENSG00000278123	snoDB0695	ATGACGA	6	CTGA	82	ACGAGTG	46	CTGA	37		-1		-1
ens_ENSG00000201847	snoDB0580	GTGATGA	7	CTGA	59	GTGAAAG	45	CTGA	32	TACTGCCCCAGT	20		-1
ens_ENSG00000238936	snoDB0394	GTGATGA	2	CTGA	67	GTGGTGA	48	CAGA	37	AGCTGGAATTACCAG	22		-1
ens_ENSG00000212378	snoDB0096	ATAATGT	5	CTGA	61	ATGTAGA	39	CTGA	28	CATCAAATGTCTGAC	13		-1
ens_ENSG00000239128	snoDB0179	GTGATGA	21	CTGA	98	CTTGTTA	70	GTGA	48		-1		-1
ens_ENSG00000239035	snoDB0699	ATGATGA	21	CTGA	98	CTTGTTA	70	GTGA	48		-1		-1
ens_ENSG00000212295	snoDB0282	CAGATGA	2	GTTA	66	GTGAGGA	33	CTGA	23		-1		-1
ens_ENSG00000207199	snoDB0420	GTGATGA	5	CTGA	60	GTGATGA	43	ATGA	33	CCAGTTCTGCTA	21		-1
ens_ENSG00000238311	snoDB0760	ATGATGA	21	CTGA	98	CTTGTTA	70	GTGA	48		-1		-1
ens_ENSG00000207109	snoDB0191	GTGATGA	5	CTGA	60	ATGATAA	46	CTGA	33	CTAGTTCTGCTA	21		-1
ref_SNORD13B-2	snoDB1018	ATGATGA	21	CTGA	98	CTTGTTA	70	GTGA	48		-1		-1
ref_SNORD13B-1	snoDB1017	ATGATGA	21	CTGA	98	CTTGTTA	70	GTGA	48		-1		-1
ref_SNORD13C	snoDB0983	ATGATGA	21	CTGA	98	CTTGTCA	70	GTGC	55		-1		-1
snoAtlas_snoID_0330	snoDB1109	ATGATGA	4	CTGA	73	TTTTTGA	31	CTGA	23		-1		-1
snoAtlas_snoID_0333	snoDB1112	ATGATGA	4	CTGA	70	TGGATGG	36	CTGA	27		-1	GTGGGCATA	61
snoAtlas_snoID_0347	snoDB1120	TTGAGGA	5	CTGA	82	ATGATGA	64	GTGA	48		-1		-1
snoAtlas_snoID_0349	snoDB1122	ATGATGA	4	CTGA	73	TTTATAA	52	CTGA	26		-1		-1
snoAtlas_snoID_0358	snoDB1129	ATGATGA	4	CTGA	84	TGGTTGA	72	CTGA	25		-1		-1
ref_SNORD166	snoDB1022	ATGATGA	5	CTGA	97	CTGATAT	75	CTGA	52		-1		-1
ref_SNORD128	snoDB0976	GTGATGT	6	CTGA	105	ATGAGAT	73	CTGT	38		-1		-1
ref_SNORD131	snoDB1045	GTGAAGA	16	CTGA	130	TTAGTGA	96	CTGC	50	GCCACCAGG	41		-1
ens_ENSG00000222345	snoDB0150	ATGAAGA	5	CTGA	59	GTGAAGA	37	GTAT	29		-1	CTGAGATCCAACT	46
ref_SNORD144	snoDB1012	GTGATTA	11	ATGA	71	GTGATTA	52	ATGA	42	ACTGCTGTTCACATA	27		-1
snoAtlas_snoID_0672	snoDB1223	GTGAAGA	5	CTGA	54	CTGATGT	45	ATGA	32		-1		-1
snoAtlas_snoID_0688	snoDB1226	CTGAGGA	4	CTGA	65	ATGATGT	44	CTGT	38		-1	GCGATTTTACC	54
ref_SNORD175	snoDB1078	GTGATGT	7	CTGA	61	ATGATGA	47	CTCA	36	GCCTGCATTCC	25		-1
ref_SNORD143	snoDB1011	ATGATTA	7	ATGA	66	GTGATTA	49	ATGA	39	ACTGCTGTTCACATC	24		-1
snoAtlas_snoID_0701	snoDB1229	ATGATGA	7	CTGA	144	ATGTGGA	101	CTGA	44		-1		-1
snoAtlas_snoID_0708	snoDB1231	TTGATAA	4	CTGA	58	ATTGTGA	37	ATGA	19		-1		-1
snoAtlas_snoID_0716	snoDB1237	TCGATGA	4	CTGA	82	ATGATGG	73	ATGA	28		-1		-1
snoAtlas_snoID_0719	snoDB1240	ATGATGT	5	CTGA	115	CTGTGGA	68	CTGA	51		-1	AGCGCTGGGTG	104
snoAtlas_snoID_0740	snoDB1261	ATGATGA	9	CTGA	68	ATGAATA	47	CTGA	38		-1	AGAAAGAGCTGTTT	54
snoAtlas_snoID_0745	snoDB1266	GTGATGA	7	CTGA	97	TGCATTA	70	CTGA	40		-1		-1
snoAtlas_snoID_0748	snoDB1269	ATGATGC	8	CTGA	96	CTGATGT	81	CTGG	36		-1		-1
snoAtlas_snoID_0367	snoDB1136	TTGATGA	4	CTGA	42	TTGCTGA	29	ATGA	18		-1		-1
snoAtlas_snoID_0422	snoDB1190	ATGATGC	5	CTGA	61	TGGATCA	35	CTGA	23		-1	CGTTCGCCT	52
snoAtlas_snoID_0435	snoDB1203	ATGATGT	5	ATGA	87	GTATTGA	70	TTGA	50		-1		-1
ens_ENSG00000200913	snoDB0050	GTGATGA	7	CTGA	94	GCAAGGA	72	CTTA	23		-1	GTCATAGTTACA	82
ens_ENSG00000265706	snoDB0091	GTGATGA	5	CTGA	70	GTGATGC	45	CTGA	35		-1	TTCTCTTGGCTGT	57
ens_ENSG00000271852	snoDB0108	ATGATGA	8	CTGA	78	GTGTTCA	58	CTGA	38		-1	GTCACTACCTCAT	65
ens_ENSG00000238317	snoDB0109	ATGATGA	7	CTGA	75	ATAATGA	44	CTGA	29		-1	GTCACTACCTCTT	62
ens_ENSG00000201785	snoDB0291	ATGATGT	5	CTGA	67	AGGACGA	40	CTCA	31		-1	CTATCACCCATGA	54
ens_ENSG00000212264	snoDB0310	ATAATGA	2	CTGA	65	GCAATAA	48	CTGG	24		-1		-1
ens_ENSG00000200879	snoDB0474	ATGATGA	5	CTGA	77	GTGTTGG	50	CAGA	39		-1	CCTTCCTTGGATGT	63
ens_ENSG00000202252	snoDB0476	GTGATGA	5	CTGA	80	ATGATGG	54	CGTA	28		-1	CCTTCCTTGGATGT	66
ens_ENSG00000206941	snoDB0477	ATGATGA	13	CTGA	139	AAGATGA	117	CTGT	63		-1	GAGGCATTTGT	128
ens_ENSG00000207445	snoDB0478	GTGATGA	5	CTGA	137	GTGCTGT	74	CAGA	25		-1	GAGGCATTTGT	126
ens_ENSG00000277194	snoDB0484	ATGAAGA	5	CTGA	117	AGGAAGA	90	CTTA	25		-1		-1
ens_ENSG00000238622	snoDB0492	ATGATTA	7	ATGA	132	GCGAAGA	116	CTGG	45		-1		-1
ens_ENSG00000207500	snoDB0570	ATGATGA	6	CTGA	63	GTGAAAA	40	TTGA	22		-1	ATTTCACCGGCT	51
ens_ENSG00000239014	snoDB0670	ATGATGA	5	GTGA	63	TGGATGA	31	TTGA	25		-1		-1
ens_ENSG00000201300	snoDB0737	ATGATGA	6	TTGA	73	GTGATGA	38	CTGA	28		-1	TAGGATTACA	63
ens_ENSG00000277108	snoDB0809	CTGATGA	4	CTGA	66	CTGACGA	45	CAGA	33		-1		-1
ens_ENSG00000207297	snoDB0822	ATGATGA	5	CTGA	89	ATGATCT	69	CTGA	24		-1		-1
ens_ENSG00000200463	snoDB0839	GGGATAA	9	CTGA	129	ATGATGA	53	CGGA	35		-1	TTGCTCCTGT	119
ens_ENSG00000280904	snoDB0955	ATGATGA	13	CTGA	64	GTGAAGA	43	CTTC	31		-1	TGAGATCCAACT	52
ref_SNORD167	snoDB0975	GTGATGT	5	CTGA	75	CTGGTGG	59	CTGT	46		-1		-1
ref_SNORD145	snoDB0981	GGGATGA	14	CTGA	81	GAGCTGC	73	CTGA	34		-1		-1
ref_SNORD160	snoDB0982	GTGATGA	5	CTGA	64		-1	CTGG	26		-1		-1
ref_SNORD132	snoDB0999	GTGATAG	7	CTGA	88	GTGCTAA	50	ATTA	23		-1		-1
ref_SNORD146	snoDB1004	GTGATGT	17	CTGA	119	GTATAGA	100	CTCA	75		-1		-1
ref_SNORD155	snoDB1007	ATGATGA	4	CTGA	51	AAGAGCA	27	GTGC	21		-1		-1
ref_SNORD162	snoDB1009	GTGATGA	6	CTGA	89	GTGAGCA	37	CGGA	28		-1		-1
ref_SNORD161	snoDB1010	GTGATGA	5	CTGA	57	ATTAAAA	40	TTGC	22		-1	AACCCAAAGAAA	45
ref_SNORD170	snoDB1014	ATGATGG	10	CTGA	69	GTTTTGT	56	CTGA	32	TGAGCTGCAGGA	20		-1
ref_SNORD141B	snoDB1015	AGGATGT	8	CTGA	94	AAAATGA	44	CTGG	32		-1		-1
ref_SNORD156	snoDB1020	GTGATGA	1	CTGA	64	GTGCTGG	39	CTGA	35		-1		-1
ref_SNORD165	snoDB1027	GTGATGT	5	CTGA	53	GTAAAGT	34	CTCC	25		-1		-1
ref_SNORD151	snoDB1028	ATGATGG	5	CTGA	74	GTGGTGA	44	ATGA	26		-1		-1
ref_SNORD168	snoDB1034	TTGATGA	2	CTGA	49	CTGGTGG	26	CAAA	22		-1	AGGCTCTGTT	39
ref_SNORD149	snoDB1035	GTGATGA	5	CTGA	54		-1	CGGA	24		-1		-1
ref_SNORD137	snoDB1036	ATGATGT	8	CTGA	68	TTGATCT	37	ATCA	28		-1		-1
ref_SNORD141A	snoDB1037	AGGATGT	8	CTGA	94	AAAATGA	44	CTGG	32		-1		-1
ref_SNORD129	snoDB1039	CTGATGT	4	CTGA	97	GGGAGGA	64	TTGA	32		-1		-1
ref_SNORD130	snoDB1040	GTGATGC	8	CTGA	130	ATGGGGA	105	CAGA	35	TGGAAGGACAG	24	GATCTGATAGAT	118
ref_SNORD172	snoDB1042	GAGATGA	7	CTGA	47		-1	CTGG	34		-1		-1
ref_SNORD158	snoDB1044	ATGATGA	4	CTGA	48	AAGATGC	32	CCAA	21		-1		-1
ref_SNORD147	snoDB1046	CGGATGA	17	CTGA	66		-1	CTGG	39		-1		-1
ref_SNORD164	snoDB1048	ATGAGGA	5	CTGA	52	AACATGT	32	TTGA	22		-1		-1
ref_SNORD150	snoDB1053	ATGATGA	4	CTGA	65	AGAAGGA	31	CAGG	20		-1		-1
ref_SNORD153	snoDB1054	ATGATGG	5	CTGA	66	AGGATGC	36	CTAA	26		-1		-1
ref_SNORD133	snoDB1056	GTGATGA	7	CTGA	206	GTGAAGG	184	CTTA	26		-1	GATTATGAGAT	195
ref_SNORD169	snoDB1064	GTGATGG	10	CTGA	50		-1	CAGA	29		-1		-1
ref_SNORD148	snoDB1067	ATGATGA	5	CTGA	45		-1	CTGT	25		-1		-1
ref_SNORD163	snoDB1070	ATGATGA	5	CTGA	54	TTGCAGA	28	GTTA	21		-1		-1
ref_SNORD134	snoDB1072	GTGATGA	7	CTGA	172	GGAAAGA	148	CTGA	115		-1		-1
ref_SNORD135	snoDB1074	GTGATGG	7	CTGA	65	GGGATGT	47	ATGA	30		-1	TGTATTCGTACTGT	51
ref_SNORD152	snoDB1077	ATGATGA	5	CTGA	45		-1	CAGA	21		-1		-1
ref_SNORD157	snoDB1079	GTGATGA	5	CTGA	58	ACCATCA	41	CTGT	28		-1		-1
ref_SNORD154	snoDB1081	ATGATGA	4	CTGA	42		-1	CTCA	27		-1		-1
ref_SNORD159	snoDB1084	GTGATGA	5	CTGA	60	GTGTTCA	44	CTGC	24		-1	CAGCTGGTG	51
ref_SNORD139	snoDB1086	GTGATGA	3	CTGA	49		-1	CTGG	20		-1	CTGCTCTGCTC	38
ref_SNORD140	snoDB1087	ATGATCA	2	CTGA	107	ATGAAGG	50	CTAA	36	TTTTTTGTCCC	25		-1
snoAtlas_snoID_0307	snoDB1089	GAGATGA	5	CTGA	84	GTGATGA	68	CTGA	23		-1		-1
snoAtlas_snoID_0310	snoDB1091	TTGATGA	4	CTGA	47	ATGAGGA	30	CTCT	22		-1		-1
snoAtlas_snoID_0312	snoDB1093	ATGATGA	5	CTGA	87	GTAATCC	70	CTGA	42		-1		-1
snoAtlas_snoID_0313	snoDB1094	GTGATGA	4	CTGA	67	GTGGTCT	42	CTTA	25		-1		-1
snoAtlas_snoID_0316	snoDB1097	ATGATGA	4	CTGA	53	ATTATAG	33	ATTA	24		-1		-1
snoAtlas_snoID_0318	snoDB1098	GTGATGA	4	CTGA	55	GACAGGA	36	TTGA	21		-1	CCCTTTCCAC	45
snoAtlas_snoID_0319	snoDB1099	CTGATGA	5	CTGA	78	GTCATGC	40	CAGA	25		-1	CTCTCTGGGCCGCCT	63
snoAtlas_snoID_0324	snoDB1103	GTGATGA	4	CTGA	41		-1	CTTG	24		-1		-1
snoAtlas_snoID_0326	snoDB1105	ATGCTGA	2	CTGA	31		-1		-1		-1		-1
snoAtlas_snoID_0327	snoDB1106	ATGATGA	5	CTGA	57	AGGTTGC	28	GTGA	22		-1		-1
snoAtlas_snoID_0328	snoDB1107	GTGATGA	5	CTGA	49	GTTCTCA	27	AAGA	22		-1		-1
snoAtlas_snoID_0331	snoDB1110	ATGATGT	6	CTGA	48	ATGACCA	30	TTGG	23		-1		-1
snoAtlas_snoID_0332	snoDB1111	GTGATGA	5	CTGA	27		-1		-1		-1		-1
snoAtlas_snoID_0341	snoDB1115	ATGATGA	4	CTGA	61	GTGCTTT	43	CTGG	24		-1		-1
snoAtlas_snoID_0344	snoDB1118	CTGATGA	4	CTGA	46		-1	GGGA	22		-1	CTGAAGCTGCA	35
snoAtlas_snoID_0345	snoDB1119	ATGATGT	4	CTGA	50		-1	CTCA	31		-1		-1
snoAtlas_snoID_0348	snoDB1121	ATGATGA	1	CTGA	36		-1		-1		-1		-1
snoAtlas_snoID_0352	snoDB1124	GGGATGA	6	CTGA	70	GGCCTGA	39	CTGG	29		-1		-1
snoAtlas_snoID_0354	snoDB1126	ATGATGA	5	CTGA	37		-1	CAAA	21		-1		-1
snoAtlas_snoID_0359	snoDB1130	GTGATGA	6	CTGA	67	GTGGAAA	45	CTTA	35		-1		-1
snoAtlas_snoID_0360	snoDB1131	GTGATGA	4	CTGA	37		-1	CAGT	20		-1		-1
snoAtlas_snoID_0363	snoDB1134	GTGATGA	6	CTGA	67	ATGATTT	44	CTGC	27		-1		-1
snoAtlas_snoID_0366	snoDB1135	ATGATGA	4	CTGA	76	GTCATAA	47	CTGA	20		-1		-1
snoAtlas_snoID_0370	snoDB1138	ACGTTGA	2	CTGA	44	ATGTTCA	26	CGTA	21		-1		-1
snoAtlas_snoID_0372	snoDB1140	GTGATGT	5	CTGA	55		-1	CTGC	21		-1	CCAGGAGTCT	45
snoAtlas_snoID_0374	snoDB1142	GTGATGA	4	CTCA	49	GTCCAGA	27	CTGA	22		-1		-1
snoAtlas_snoID_0376	snoDB1144	GTGATGG	8	CTGA	29		-1		-1		-1		-1
snoAtlas_snoID_0377	snoDB1145	ATGATGT	5	CTGA	44	AAGAAGA	26	GTCA	21		-1		-1
snoAtlas_snoID_0380	snoDB1148	GTGATGT	5	CTGA	58	TTGAGCA	34	TTGG	22		-1		-1
snoAtlas_snoID_0381	snoDB1149	CTGATGT	5	CTGA	46		-1	CTGT	27		-1		-1
snoAtlas_snoID_0382	snoDB1150	ATGATGA	5	CTGA	49		-1	CTGC	33		-1		-1
snoAtlas_snoID_0383	snoDB1151	GAGATGA	2	CTGA	75	GATAGGA	56	CTAA	33		-1	CCCTTGGTTTGA	63
snoAtlas_snoID_0384	snoDB1152	GTGATGT	5	CTGA	86	AAGCTGT	67	CTGA	36		-1		-1
snoAtlas_snoID_0386	snoDB1154	ATGATGA	5	CTGA	45		-1	CCGG	24		-1		-1
snoAtlas_snoID_0390	snoDB1158	GATATGA	21	CTGT	146	GTCCTGA	128	CTGA	88		-1		-1
snoAtlas_snoID_0394	snoDB1162	ATGATGT	5	CTGA	38		-1	CAGG	21		-1	GAACCCTGA	29
snoAtlas_snoID_0396	snoDB1164	ATGATGA	5	CTGA	39		-1	CTCA	25		-1		-1
snoAtlas_snoID_0398	snoDB1166	GTGATGA	5	ATGA	89	GCGCTGC	62	CTAA	24		-1		-1
snoAtlas_snoID_0399	snoDB1167	ATGATGA	8	CTGA	22		-1		-1		-1	TGAGCAGGAT	12
snoAtlas_snoID_0400	snoDB1168	ATGCTGA	8	CTGA	26		-1		-1		-1	GACTGTGGTCTTT	13
snoAtlas_snoID_0401	snoDB1169	GTGATGA	5	CTGA	45		-1	CGGG	21		-1		-1
snoAtlas_snoID_0405	snoDB1173	ACGATGA	2	CTGA	28		-1		-1		-1		-1
snoAtlas_snoID_0406	snoDB1174	ATGATGT	5	CTGA	40		-1	CAGT	24		-1		-1
snoAtlas_snoID_0407	snoDB1175	ATGATGC	5	CTGA	71	ATCCTGC	50	CTGA	42		-1		-1
snoAtlas_snoID_0408	snoDB1176	GTGATGT	5	CTGA	45		-1	ATGT	23		-1		-1
snoAtlas_snoID_0409	snoDB1177	GTGATGA	5	CTGA	89	GCGAGGG	45	CTGA	34		-1		-1
snoAtlas_snoID_0411	snoDB1179	ATGATGA	5	CTGA	36		-1	ATGT	21		-1		-1
snoAtlas_snoID_0412	snoDB1180	ATGATGA	4	CTGA	46	GTGCTGA	27	ATGT	21		-1		-1
snoAtlas_snoID_0417	snoDB1185	GTGATGT	5	CTGA	80	CTCATGA	47	CAGA	22		-1		-1
snoAtlas_snoID_0419	snoDB1187	ATGATGC	5	CTGA	67		-1	CTGA	45		-1	AGCTTTTG	59
snoAtlas_snoID_0423	snoDB1191	CTGATGC	5	CTGA	59	GAGCTGT	39	CTGG	28		-1		-1
snoAtlas_snoID_0424	snoDB1192	ATGATGT	5	CTGA	69	ACGGTGC	53	CTGG	40		-1		-1
snoAtlas_snoID_0425	snoDB1193	ATGATGT	5	CTGA	69	GAAATGA	40	CAGA	25		-1		-1
snoAtlas_snoID_0428	snoDB1196	ATGATGT	5	CTGA	68	AGTATGA	50	CGGA	24		-1	ACCGTCCTGTTC	56
snoAtlas_snoID_0429	snoDB1197	ATGATGT	5	ATGA	80	GTAAGGC	41	CTGC	24		-1		-1
snoAtlas_snoID_0431	snoDB1199	CTGATGA	5	CTGA	66		-1	CTTA	34		-1		-1
snoAtlas_snoID_0432	snoDB1200	GAGATGA	2	CTGA	43	GGCCTGA	25	CTCC	20		-1		-1
snoAtlas_snoID_0433	snoDB1201	ATGATGA	5	CTGA	69	GTTCTGA	32	CAGA	21		-1		-1
snoAtlas_snoID_0436	snoDB1204	GTGATGA	5	CTGA	86	TTGCTGC	32	CTTC	26		-1	GTTCCAGTCT	76
snoAtlas_snoID_0437	snoDB1205	ATGATGT	5	CTGA	55	ACCTTGA	39	TTGA	35		-1		-1
snoAtlas_snoID_0440	snoDB1208	CTGATGT	5	CTGA	71	TTGAAGA	43	TGGA	21		-1		-1
snoAtlas_snoID_0442	snoDB1210	ATGATGT	5	CTGA	43		-1	GTGC	23		-1	TCTTTCTCCTTA	31
snoAtlas_snoID_0444	snoDB1212	CTGATGA	5	CTGA	83	CTGATGG	41	CCTA	22		-1		-1
snoAtlas_snoID_0681	snoDB1224	GTGATGT	12	CTGA	50		-1	CTGG	36		-1		-1
snoAtlas_snoID_0695	snoDB1227	ATGATGA	5	CTGA	71	ATGAGGA	52	GTCA	22		-1	TGAGGTCCA	62
snoAtlas_snoID_0706	snoDB1230	ATGATGC	5	CTGA	41	ATGTAGA	25	TTCA	21		-1		-1
snoAtlas_snoID_0709	snoDB1232	ATGATGA	10	CTGA	73	GGGACAA	44	CTGC	29		-1		-1
snoAtlas_snoID_0712	snoDB1234	CTGCTGA	5	CTGA	56	GTGATGC	36	TTGA	21		-1		-1
snoAtlas_snoID_0721	snoDB1242	GTGATGT	5	CTGA	62	GTGAGTC	39	CTTA	34		-1		-1
snoAtlas_snoID_0723	snoDB1244	ATGATGT	16	CTGA	101	GGGCTGG	89	ATGA	32		-1		-1
snoAtlas_snoID_0726	snoDB1247	ATGAAGA	5	CTGA	110	GTGAGGT	93	CTGA	38		-1		-1
snoAtlas_snoID_0727	snoDB1248	ATGATGA	7	CTGA	51	CTCCTGA	35	CTGG	26		-1		-1
snoAtlas_snoID_0728	snoDB1249	ATGATGT	11	CTGA	82	GTGATGC	36	ATCA	28		-1		-1
snoAtlas_snoID_0729	snoDB1250	ATGATGA	8	CTGA	90	GCCATGA	63	CTGA	55		-1	CTGTCCAT	82
snoAtlas_snoID_0731	snoDB1252	ATGATGA	8	CTGA	93	ATGTTAC	76	CTGA	68		-1	GATGAAAACG	83
snoAtlas_snoID_0732	snoDB1253	ATGATGC	9	CTGA	58	ATGACCT	34	ATGA	26		-1		-1
snoAtlas_snoID_0734	snoDB1255	TTGAGGA	8	CTGA	52		-1	CTGC	25		-1	CCAGAGGCTTG	41
snoAtlas_snoID_0735	snoDB1256	GTGATGC	5	CTGA	38		-1	CACA	25		-1		-1
snoAtlas_snoID_0736	snoDB1257	AGGATGA	11	CTGA	44		-1	CTAC	27		-1		-1
snoAtlas_snoID_0738	snoDB1259	GTGATGC	12	CTGA	118	AAGCTGA	86	CTGA	29		-1		-1
snoAtlas_snoID_0739	snoDB1260	ATGACGA	6	CTGA	110	GTAATGG	71	CTGA	50		-1		-1
snoAtlas_snoID_0742	snoDB1263	ATGATGA	7	CTGA	72	ATGAATA	55	ATGA	31		-1		-1
snoAtlas_snoID_0744	snoDB1265	GTGATGA	13	CTGT	127	ATGCTGA	63	ATGA	47		-1		-1
snoAtlas_snoID_0747	snoDB1268	ATGATGT	10	CTGA	37		-1		-1		-1		-1
